run_id	workload	scale	stage	implementation	mode	repetition	order	exit_code	elapsed_s	user_s	system_s	cpu_pct	max_rss_kib	input_sha256	output_records	semantic_sha256	sort_order	output_bytes	output_sha256	reference_sequences	reference_dictionary_sha256	expected_output_records	expected_semantic_sha256	expected_reference_sequences	expected_reference_dictionary_sha256	command_file	stdout_file	stderr_file	output_file
sparse-records-100000-r01-o01-canonical-upstream-raw	sparse	records-100000	raw	canonical-upstream	legacy	1	1	0	1.878263068	7.89	0.47	446%	258176	12df0d76463447cf9555f697ae8ae1a748290b31f78fe1464a08578409db7cb8	100000	0f70b3bf63ac7ff0498631c0991afb88d8fa6f629fdffbf2ae87cd46fb4f6ea2	coordinate	1228887	a75c03a6ae512c77b2da2a527baa295309518e93750400f559ea20b12af8d5bd	1	e829495d9e64554ff2ba688e7b092c8395130d6e95239bb3b25c38f9c3531258	100000	0f70b3bf63ac7ff0498631c0991afb88d8fa6f629fdffbf2ae87cd46fb4f6ea2	1	e829495d9e64554ff2ba688e7b092c8395130d6e95239bb3b25c38f9c3531258	runs/sparse-records-100000-r01-o01-canonical-upstream/raw/command.txt	runs/sparse-records-100000-r01-o01-canonical-upstream/raw/stdout.txt	runs/sparse-records-100000-r01-o01-canonical-upstream/raw/stderr.txt	
sparse-records-100000-r01-o01-canonical-upstream-ready	sparse	records-100000	ready	canonical-upstream	legacy	1	1	0	0.028966563	0.01	0.00	92%	2048	12df0d76463447cf9555f697ae8ae1a748290b31f78fe1464a08578409db7cb8	100000	0f70b3bf63ac7ff0498631c0991afb88d8fa6f629fdffbf2ae87cd46fb4f6ea2	coordinate	1228887	a75c03a6ae512c77b2da2a527baa295309518e93750400f559ea20b12af8d5bd	1	e829495d9e64554ff2ba688e7b092c8395130d6e95239bb3b25c38f9c3531258	100000	0f70b3bf63ac7ff0498631c0991afb88d8fa6f629fdffbf2ae87cd46fb4f6ea2	1	e829495d9e64554ff2ba688e7b092c8395130d6e95239bb3b25c38f9c3531258	runs/sparse-records-100000-r01-o01-canonical-upstream/ready/command.txt	runs/sparse-records-100000-r01-o01-canonical-upstream/ready/stdout.txt	runs/sparse-records-100000-r01-o01-canonical-upstream/ready/stderr.txt	
sparse-records-100000-r01-o02-dumi-off-raw	sparse	records-100000	raw	dumi	off	1	2	0	1.582069857	6.04	0.33	403%	227780	12df0d76463447cf9555f697ae8ae1a748290b31f78fe1464a08578409db7cb8	100000	0f70b3bf63ac7ff0498631c0991afb88d8fa6f629fdffbf2ae87cd46fb4f6ea2	coordinate	1228887	a75c03a6ae512c77b2da2a527baa295309518e93750400f559ea20b12af8d5bd	1	e829495d9e64554ff2ba688e7b092c8395130d6e95239bb3b25c38f9c3531258	100000	0f70b3bf63ac7ff0498631c0991afb88d8fa6f629fdffbf2ae87cd46fb4f6ea2	1	e829495d9e64554ff2ba688e7b092c8395130d6e95239bb3b25c38f9c3531258	runs/sparse-records-100000-r01-o02-dumi-off/raw/command.txt	runs/sparse-records-100000-r01-o02-dumi-off/raw/stdout.txt	runs/sparse-records-100000-r01-o02-dumi-off/raw/stderr.txt	
sparse-records-100000-r01-o02-dumi-off-ready	sparse	records-100000	ready	dumi	off	1	2	0	0.029885747	0.02	0.00	92%	2048	12df0d76463447cf9555f697ae8ae1a748290b31f78fe1464a08578409db7cb8	100000	0f70b3bf63ac7ff0498631c0991afb88d8fa6f629fdffbf2ae87cd46fb4f6ea2	coordinate	1228887	a75c03a6ae512c77b2da2a527baa295309518e93750400f559ea20b12af8d5bd	1	e829495d9e64554ff2ba688e7b092c8395130d6e95239bb3b25c38f9c3531258	100000	0f70b3bf63ac7ff0498631c0991afb88d8fa6f629fdffbf2ae87cd46fb4f6ea2	1	e829495d9e64554ff2ba688e7b092c8395130d6e95239bb3b25c38f9c3531258	runs/sparse-records-100000-r01-o02-dumi-off/ready/command.txt	runs/sparse-records-100000-r01-o02-dumi-off/ready/stdout.txt	runs/sparse-records-100000-r01-o02-dumi-off/ready/stderr.txt	
sparse-records-100000-r01-o03-dumi-on-raw	sparse	records-100000	raw	dumi	on	1	3	0	0.738747991	1.95	0.20	292%	142464	12df0d76463447cf9555f697ae8ae1a748290b31f78fe1464a08578409db7cb8	100000	0f70b3bf63ac7ff0498631c0991afb88d8fa6f629fdffbf2ae87cd46fb4f6ea2	unsorted	1228885	a5f61e711acf6118cea06b83c140a2fbcf42486341834883e07626ab13348204	1	e829495d9e64554ff2ba688e7b092c8395130d6e95239bb3b25c38f9c3531258	100000	0f70b3bf63ac7ff0498631c0991afb88d8fa6f629fdffbf2ae87cd46fb4f6ea2	1	e829495d9e64554ff2ba688e7b092c8395130d6e95239bb3b25c38f9c3531258	runs/sparse-records-100000-r01-o03-dumi-on/raw/command.txt	runs/sparse-records-100000-r01-o03-dumi-on/raw/stdout.txt	runs/sparse-records-100000-r01-o03-dumi-on/raw/stderr.txt	
sparse-records-100000-r01-o03-dumi-on-ready	sparse	records-100000	ready	dumi	on	1	3	0	0.218255775	0.16	0.04	98%	26624	12df0d76463447cf9555f697ae8ae1a748290b31f78fe1464a08578409db7cb8	100000	0f70b3bf63ac7ff0498631c0991afb88d8fa6f629fdffbf2ae87cd46fb4f6ea2	coordinate	1215155	8fc2b6aec300df1bc7165e526f54a819ae6bffc36d1849102369343671a5cc82	1	e829495d9e64554ff2ba688e7b092c8395130d6e95239bb3b25c38f9c3531258	100000	0f70b3bf63ac7ff0498631c0991afb88d8fa6f629fdffbf2ae87cd46fb4f6ea2	1	e829495d9e64554ff2ba688e7b092c8395130d6e95239bb3b25c38f9c3531258	runs/sparse-records-100000-r01-o03-dumi-on/ready/command.txt	runs/sparse-records-100000-r01-o03-dumi-on/ready/stdout.txt	runs/sparse-records-100000-r01-o03-dumi-on/ready/stderr.txt	
sparse-records-100000-r01-o04-dumi-auto-raw	sparse	records-100000	raw	dumi	auto	1	4	0	0.707634482	1.91	0.18	297%	138024	12df0d76463447cf9555f697ae8ae1a748290b31f78fe1464a08578409db7cb8	100000	0f70b3bf63ac7ff0498631c0991afb88d8fa6f629fdffbf2ae87cd46fb4f6ea2	unsorted	1228885	a5f61e711acf6118cea06b83c140a2fbcf42486341834883e07626ab13348204	1	e829495d9e64554ff2ba688e7b092c8395130d6e95239bb3b25c38f9c3531258	100000	0f70b3bf63ac7ff0498631c0991afb88d8fa6f629fdffbf2ae87cd46fb4f6ea2	1	e829495d9e64554ff2ba688e7b092c8395130d6e95239bb3b25c38f9c3531258	runs/sparse-records-100000-r01-o04-dumi-auto/raw/command.txt	runs/sparse-records-100000-r01-o04-dumi-auto/raw/stdout.txt	runs/sparse-records-100000-r01-o04-dumi-auto/raw/stderr.txt	
sparse-records-100000-r01-o04-dumi-auto-ready	sparse	records-100000	ready	dumi	auto	1	4	0	0.213662958	0.17	0.03	98%	26624	12df0d76463447cf9555f697ae8ae1a748290b31f78fe1464a08578409db7cb8	100000	0f70b3bf63ac7ff0498631c0991afb88d8fa6f629fdffbf2ae87cd46fb4f6ea2	coordinate	1215156	70d1bd23f1b481b0a64615c9ec52e6797cc97945331f2a997148a56f89fea3de	1	e829495d9e64554ff2ba688e7b092c8395130d6e95239bb3b25c38f9c3531258	100000	0f70b3bf63ac7ff0498631c0991afb88d8fa6f629fdffbf2ae87cd46fb4f6ea2	1	e829495d9e64554ff2ba688e7b092c8395130d6e95239bb3b25c38f9c3531258	runs/sparse-records-100000-r01-o04-dumi-auto/ready/command.txt	runs/sparse-records-100000-r01-o04-dumi-auto/ready/stdout.txt	runs/sparse-records-100000-r01-o04-dumi-auto/ready/stderr.txt	
sparse-records-100000-r02-o01-dumi-off-raw	sparse	records-100000	raw	dumi	off	2	1	0	1.649558004	6.44	0.29	409%	229104	12df0d76463447cf9555f697ae8ae1a748290b31f78fe1464a08578409db7cb8	100000	0f70b3bf63ac7ff0498631c0991afb88d8fa6f629fdffbf2ae87cd46fb4f6ea2	coordinate	1228887	a75c03a6ae512c77b2da2a527baa295309518e93750400f559ea20b12af8d5bd	1	e829495d9e64554ff2ba688e7b092c8395130d6e95239bb3b25c38f9c3531258	100000	0f70b3bf63ac7ff0498631c0991afb88d8fa6f629fdffbf2ae87cd46fb4f6ea2	1	e829495d9e64554ff2ba688e7b092c8395130d6e95239bb3b25c38f9c3531258	runs/sparse-records-100000-r02-o01-dumi-off/raw/command.txt	runs/sparse-records-100000-r02-o01-dumi-off/raw/stdout.txt	runs/sparse-records-100000-r02-o01-dumi-off/raw/stderr.txt	
sparse-records-100000-r02-o01-dumi-off-ready	sparse	records-100000	ready	dumi	off	2	1	0	0.029330914	0.02	0.00	96%	2048	12df0d76463447cf9555f697ae8ae1a748290b31f78fe1464a08578409db7cb8	100000	0f70b3bf63ac7ff0498631c0991afb88d8fa6f629fdffbf2ae87cd46fb4f6ea2	coordinate	1228887	a75c03a6ae512c77b2da2a527baa295309518e93750400f559ea20b12af8d5bd	1	e829495d9e64554ff2ba688e7b092c8395130d6e95239bb3b25c38f9c3531258	100000	0f70b3bf63ac7ff0498631c0991afb88d8fa6f629fdffbf2ae87cd46fb4f6ea2	1	e829495d9e64554ff2ba688e7b092c8395130d6e95239bb3b25c38f9c3531258	runs/sparse-records-100000-r02-o01-dumi-off/ready/command.txt	runs/sparse-records-100000-r02-o01-dumi-off/ready/stdout.txt	runs/sparse-records-100000-r02-o01-dumi-off/ready/stderr.txt	
sparse-records-100000-r02-o02-dumi-on-raw	sparse	records-100000	raw	dumi	on	2	2	0	0.737289276	1.97	0.17	293%	143300	12df0d76463447cf9555f697ae8ae1a748290b31f78fe1464a08578409db7cb8	100000	0f70b3bf63ac7ff0498631c0991afb88d8fa6f629fdffbf2ae87cd46fb4f6ea2	unsorted	1228885	a5f61e711acf6118cea06b83c140a2fbcf42486341834883e07626ab13348204	1	e829495d9e64554ff2ba688e7b092c8395130d6e95239bb3b25c38f9c3531258	100000	0f70b3bf63ac7ff0498631c0991afb88d8fa6f629fdffbf2ae87cd46fb4f6ea2	1	e829495d9e64554ff2ba688e7b092c8395130d6e95239bb3b25c38f9c3531258	runs/sparse-records-100000-r02-o02-dumi-on/raw/command.txt	runs/sparse-records-100000-r02-o02-dumi-on/raw/stdout.txt	runs/sparse-records-100000-r02-o02-dumi-on/raw/stderr.txt	
sparse-records-100000-r02-o02-dumi-on-ready	sparse	records-100000	ready	dumi	on	2	2	0	0.215820773	0.17	0.03	98%	26624	12df0d76463447cf9555f697ae8ae1a748290b31f78fe1464a08578409db7cb8	100000	0f70b3bf63ac7ff0498631c0991afb88d8fa6f629fdffbf2ae87cd46fb4f6ea2	coordinate	1215155	584f07a15f8e61bfd7049a8d12f2cad16b2125ef07fc238234873ffbe5a457da	1	e829495d9e64554ff2ba688e7b092c8395130d6e95239bb3b25c38f9c3531258	100000	0f70b3bf63ac7ff0498631c0991afb88d8fa6f629fdffbf2ae87cd46fb4f6ea2	1	e829495d9e64554ff2ba688e7b092c8395130d6e95239bb3b25c38f9c3531258	runs/sparse-records-100000-r02-o02-dumi-on/ready/command.txt	runs/sparse-records-100000-r02-o02-dumi-on/ready/stdout.txt	runs/sparse-records-100000-r02-o02-dumi-on/ready/stderr.txt	
sparse-records-100000-r02-o03-dumi-auto-raw	sparse	records-100000	raw	dumi	auto	2	3	0	0.689119180	1.91	0.17	303%	140072	12df0d76463447cf9555f697ae8ae1a748290b31f78fe1464a08578409db7cb8	100000	0f70b3bf63ac7ff0498631c0991afb88d8fa6f629fdffbf2ae87cd46fb4f6ea2	unsorted	1228885	a5f61e711acf6118cea06b83c140a2fbcf42486341834883e07626ab13348204	1	e829495d9e64554ff2ba688e7b092c8395130d6e95239bb3b25c38f9c3531258	100000	0f70b3bf63ac7ff0498631c0991afb88d8fa6f629fdffbf2ae87cd46fb4f6ea2	1	e829495d9e64554ff2ba688e7b092c8395130d6e95239bb3b25c38f9c3531258	runs/sparse-records-100000-r02-o03-dumi-auto/raw/command.txt	runs/sparse-records-100000-r02-o03-dumi-auto/raw/stdout.txt	runs/sparse-records-100000-r02-o03-dumi-auto/raw/stderr.txt	
sparse-records-100000-r02-o03-dumi-auto-ready	sparse	records-100000	ready	dumi	auto	2	3	0	0.213925794	0.17	0.03	98%	26624	12df0d76463447cf9555f697ae8ae1a748290b31f78fe1464a08578409db7cb8	100000	0f70b3bf63ac7ff0498631c0991afb88d8fa6f629fdffbf2ae87cd46fb4f6ea2	coordinate	1215156	cc871f082829f50988ac1e8c3ccb5ca8f95071d1570fec6af29ef295018ffa52	1	e829495d9e64554ff2ba688e7b092c8395130d6e95239bb3b25c38f9c3531258	100000	0f70b3bf63ac7ff0498631c0991afb88d8fa6f629fdffbf2ae87cd46fb4f6ea2	1	e829495d9e64554ff2ba688e7b092c8395130d6e95239bb3b25c38f9c3531258	runs/sparse-records-100000-r02-o03-dumi-auto/ready/command.txt	runs/sparse-records-100000-r02-o03-dumi-auto/ready/stdout.txt	runs/sparse-records-100000-r02-o03-dumi-auto/ready/stderr.txt	
sparse-records-100000-r02-o04-canonical-upstream-raw	sparse	records-100000	raw	canonical-upstream	legacy	2	4	0	1.808110883	7.75	0.44	454%	287700	12df0d76463447cf9555f697ae8ae1a748290b31f78fe1464a08578409db7cb8	100000	0f70b3bf63ac7ff0498631c0991afb88d8fa6f629fdffbf2ae87cd46fb4f6ea2	coordinate	1228887	a75c03a6ae512c77b2da2a527baa295309518e93750400f559ea20b12af8d5bd	1	e829495d9e64554ff2ba688e7b092c8395130d6e95239bb3b25c38f9c3531258	100000	0f70b3bf63ac7ff0498631c0991afb88d8fa6f629fdffbf2ae87cd46fb4f6ea2	1	e829495d9e64554ff2ba688e7b092c8395130d6e95239bb3b25c38f9c3531258	runs/sparse-records-100000-r02-o04-canonical-upstream/raw/command.txt	runs/sparse-records-100000-r02-o04-canonical-upstream/raw/stdout.txt	runs/sparse-records-100000-r02-o04-canonical-upstream/raw/stderr.txt	
sparse-records-100000-r02-o04-canonical-upstream-ready	sparse	records-100000	ready	canonical-upstream	legacy	2	4	0	0.030664548	0.02	0.00	96%	2048	12df0d76463447cf9555f697ae8ae1a748290b31f78fe1464a08578409db7cb8	100000	0f70b3bf63ac7ff0498631c0991afb88d8fa6f629fdffbf2ae87cd46fb4f6ea2	coordinate	1228887	a75c03a6ae512c77b2da2a527baa295309518e93750400f559ea20b12af8d5bd	1	e829495d9e64554ff2ba688e7b092c8395130d6e95239bb3b25c38f9c3531258	100000	0f70b3bf63ac7ff0498631c0991afb88d8fa6f629fdffbf2ae87cd46fb4f6ea2	1	e829495d9e64554ff2ba688e7b092c8395130d6e95239bb3b25c38f9c3531258	runs/sparse-records-100000-r02-o04-canonical-upstream/ready/command.txt	runs/sparse-records-100000-r02-o04-canonical-upstream/ready/stdout.txt	runs/sparse-records-100000-r02-o04-canonical-upstream/ready/stderr.txt	
sparse-records-100000-r03-o01-dumi-on-raw	sparse	records-100000	raw	dumi	on	3	1	0	0.737425452	2.05	0.22	309%	137216	12df0d76463447cf9555f697ae8ae1a748290b31f78fe1464a08578409db7cb8	100000	0f70b3bf63ac7ff0498631c0991afb88d8fa6f629fdffbf2ae87cd46fb4f6ea2	unsorted	1228885	a5f61e711acf6118cea06b83c140a2fbcf42486341834883e07626ab13348204	1	e829495d9e64554ff2ba688e7b092c8395130d6e95239bb3b25c38f9c3531258	100000	0f70b3bf63ac7ff0498631c0991afb88d8fa6f629fdffbf2ae87cd46fb4f6ea2	1	e829495d9e64554ff2ba688e7b092c8395130d6e95239bb3b25c38f9c3531258	runs/sparse-records-100000-r03-o01-dumi-on/raw/command.txt	runs/sparse-records-100000-r03-o01-dumi-on/raw/stdout.txt	runs/sparse-records-100000-r03-o01-dumi-on/raw/stderr.txt	
sparse-records-100000-r03-o01-dumi-on-ready	sparse	records-100000	ready	dumi	on	3	1	0	0.219125419	0.17	0.03	96%	26624	12df0d76463447cf9555f697ae8ae1a748290b31f78fe1464a08578409db7cb8	100000	0f70b3bf63ac7ff0498631c0991afb88d8fa6f629fdffbf2ae87cd46fb4f6ea2	coordinate	1215155	982f60a1ea3706f68d4fffa2fae3becfcb19a0646b47dc1185ddd9d933a0610f	1	e829495d9e64554ff2ba688e7b092c8395130d6e95239bb3b25c38f9c3531258	100000	0f70b3bf63ac7ff0498631c0991afb88d8fa6f629fdffbf2ae87cd46fb4f6ea2	1	e829495d9e64554ff2ba688e7b092c8395130d6e95239bb3b25c38f9c3531258	runs/sparse-records-100000-r03-o01-dumi-on/ready/command.txt	runs/sparse-records-100000-r03-o01-dumi-on/ready/stdout.txt	runs/sparse-records-100000-r03-o01-dumi-on/ready/stderr.txt	
sparse-records-100000-r03-o02-dumi-auto-raw	sparse	records-100000	raw	dumi	auto	3	2	0	0.698411870	1.84	0.18	291%	141160	12df0d76463447cf9555f697ae8ae1a748290b31f78fe1464a08578409db7cb8	100000	0f70b3bf63ac7ff0498631c0991afb88d8fa6f629fdffbf2ae87cd46fb4f6ea2	unsorted	1228885	a5f61e711acf6118cea06b83c140a2fbcf42486341834883e07626ab13348204	1	e829495d9e64554ff2ba688e7b092c8395130d6e95239bb3b25c38f9c3531258	100000	0f70b3bf63ac7ff0498631c0991afb88d8fa6f629fdffbf2ae87cd46fb4f6ea2	1	e829495d9e64554ff2ba688e7b092c8395130d6e95239bb3b25c38f9c3531258	runs/sparse-records-100000-r03-o02-dumi-auto/raw/command.txt	runs/sparse-records-100000-r03-o02-dumi-auto/raw/stdout.txt	runs/sparse-records-100000-r03-o02-dumi-auto/raw/stderr.txt	
sparse-records-100000-r03-o02-dumi-auto-ready	sparse	records-100000	ready	dumi	auto	3	2	0	0.232391040	0.19	0.03	98%	26624	12df0d76463447cf9555f697ae8ae1a748290b31f78fe1464a08578409db7cb8	100000	0f70b3bf63ac7ff0498631c0991afb88d8fa6f629fdffbf2ae87cd46fb4f6ea2	coordinate	1215156	00b259a9b5a05eff118d9c5be7864a7a71088addf36315b4609e3a50bde2d3f5	1	e829495d9e64554ff2ba688e7b092c8395130d6e95239bb3b25c38f9c3531258	100000	0f70b3bf63ac7ff0498631c0991afb88d8fa6f629fdffbf2ae87cd46fb4f6ea2	1	e829495d9e64554ff2ba688e7b092c8395130d6e95239bb3b25c38f9c3531258	runs/sparse-records-100000-r03-o02-dumi-auto/ready/command.txt	runs/sparse-records-100000-r03-o02-dumi-auto/ready/stdout.txt	runs/sparse-records-100000-r03-o02-dumi-auto/ready/stderr.txt	
sparse-records-100000-r03-o03-canonical-upstream-raw	sparse	records-100000	raw	canonical-upstream	legacy	3	3	0	1.789906772	7.98	0.38	468%	261868	12df0d76463447cf9555f697ae8ae1a748290b31f78fe1464a08578409db7cb8	100000	0f70b3bf63ac7ff0498631c0991afb88d8fa6f629fdffbf2ae87cd46fb4f6ea2	coordinate	1228887	a75c03a6ae512c77b2da2a527baa295309518e93750400f559ea20b12af8d5bd	1	e829495d9e64554ff2ba688e7b092c8395130d6e95239bb3b25c38f9c3531258	100000	0f70b3bf63ac7ff0498631c0991afb88d8fa6f629fdffbf2ae87cd46fb4f6ea2	1	e829495d9e64554ff2ba688e7b092c8395130d6e95239bb3b25c38f9c3531258	runs/sparse-records-100000-r03-o03-canonical-upstream/raw/command.txt	runs/sparse-records-100000-r03-o03-canonical-upstream/raw/stdout.txt	runs/sparse-records-100000-r03-o03-canonical-upstream/raw/stderr.txt	
sparse-records-100000-r03-o03-canonical-upstream-ready	sparse	records-100000	ready	canonical-upstream	legacy	3	3	0	0.030283568	0.02	0.00	92%	2048	12df0d76463447cf9555f697ae8ae1a748290b31f78fe1464a08578409db7cb8	100000	0f70b3bf63ac7ff0498631c0991afb88d8fa6f629fdffbf2ae87cd46fb4f6ea2	coordinate	1228887	a75c03a6ae512c77b2da2a527baa295309518e93750400f559ea20b12af8d5bd	1	e829495d9e64554ff2ba688e7b092c8395130d6e95239bb3b25c38f9c3531258	100000	0f70b3bf63ac7ff0498631c0991afb88d8fa6f629fdffbf2ae87cd46fb4f6ea2	1	e829495d9e64554ff2ba688e7b092c8395130d6e95239bb3b25c38f9c3531258	runs/sparse-records-100000-r03-o03-canonical-upstream/ready/command.txt	runs/sparse-records-100000-r03-o03-canonical-upstream/ready/stdout.txt	runs/sparse-records-100000-r03-o03-canonical-upstream/ready/stderr.txt	
sparse-records-100000-r03-o04-dumi-off-raw	sparse	records-100000	raw	dumi	off	3	4	0	1.702850418	7.14	0.30	438%	213576	12df0d76463447cf9555f697ae8ae1a748290b31f78fe1464a08578409db7cb8	100000	0f70b3bf63ac7ff0498631c0991afb88d8fa6f629fdffbf2ae87cd46fb4f6ea2	coordinate	1228887	a75c03a6ae512c77b2da2a527baa295309518e93750400f559ea20b12af8d5bd	1	e829495d9e64554ff2ba688e7b092c8395130d6e95239bb3b25c38f9c3531258	100000	0f70b3bf63ac7ff0498631c0991afb88d8fa6f629fdffbf2ae87cd46fb4f6ea2	1	e829495d9e64554ff2ba688e7b092c8395130d6e95239bb3b25c38f9c3531258	runs/sparse-records-100000-r03-o04-dumi-off/raw/command.txt	runs/sparse-records-100000-r03-o04-dumi-off/raw/stdout.txt	runs/sparse-records-100000-r03-o04-dumi-off/raw/stderr.txt	
sparse-records-100000-r03-o04-dumi-off-ready	sparse	records-100000	ready	dumi	off	3	4	0	0.031713455	0.02	0.00	96%	2048	12df0d76463447cf9555f697ae8ae1a748290b31f78fe1464a08578409db7cb8	100000	0f70b3bf63ac7ff0498631c0991afb88d8fa6f629fdffbf2ae87cd46fb4f6ea2	coordinate	1228887	a75c03a6ae512c77b2da2a527baa295309518e93750400f559ea20b12af8d5bd	1	e829495d9e64554ff2ba688e7b092c8395130d6e95239bb3b25c38f9c3531258	100000	0f70b3bf63ac7ff0498631c0991afb88d8fa6f629fdffbf2ae87cd46fb4f6ea2	1	e829495d9e64554ff2ba688e7b092c8395130d6e95239bb3b25c38f9c3531258	runs/sparse-records-100000-r03-o04-dumi-off/ready/command.txt	runs/sparse-records-100000-r03-o04-dumi-off/ready/stdout.txt	runs/sparse-records-100000-r03-o04-dumi-off/ready/stderr.txt	
sparse-records-100000-r04-o01-dumi-auto-raw	sparse	records-100000	raw	dumi	auto	4	1	0	0.732291994	1.90	0.18	286%	144372	12df0d76463447cf9555f697ae8ae1a748290b31f78fe1464a08578409db7cb8	100000	0f70b3bf63ac7ff0498631c0991afb88d8fa6f629fdffbf2ae87cd46fb4f6ea2	unsorted	1228885	a5f61e711acf6118cea06b83c140a2fbcf42486341834883e07626ab13348204	1	e829495d9e64554ff2ba688e7b092c8395130d6e95239bb3b25c38f9c3531258	100000	0f70b3bf63ac7ff0498631c0991afb88d8fa6f629fdffbf2ae87cd46fb4f6ea2	1	e829495d9e64554ff2ba688e7b092c8395130d6e95239bb3b25c38f9c3531258	runs/sparse-records-100000-r04-o01-dumi-auto/raw/command.txt	runs/sparse-records-100000-r04-o01-dumi-auto/raw/stdout.txt	runs/sparse-records-100000-r04-o01-dumi-auto/raw/stderr.txt	
sparse-records-100000-r04-o01-dumi-auto-ready	sparse	records-100000	ready	dumi	auto	4	1	0	0.209386250	0.17	0.03	98%	26624	12df0d76463447cf9555f697ae8ae1a748290b31f78fe1464a08578409db7cb8	100000	0f70b3bf63ac7ff0498631c0991afb88d8fa6f629fdffbf2ae87cd46fb4f6ea2	coordinate	1215156	df44c5bbeb4dd2230076cbee956b2ab712997981a75b3bade21598d508312091	1	e829495d9e64554ff2ba688e7b092c8395130d6e95239bb3b25c38f9c3531258	100000	0f70b3bf63ac7ff0498631c0991afb88d8fa6f629fdffbf2ae87cd46fb4f6ea2	1	e829495d9e64554ff2ba688e7b092c8395130d6e95239bb3b25c38f9c3531258	runs/sparse-records-100000-r04-o01-dumi-auto/ready/command.txt	runs/sparse-records-100000-r04-o01-dumi-auto/ready/stdout.txt	runs/sparse-records-100000-r04-o01-dumi-auto/ready/stderr.txt	
sparse-records-100000-r04-o02-canonical-upstream-raw	sparse	records-100000	raw	canonical-upstream	legacy	4	2	0	1.704680989	7.13	0.37	441%	280256	12df0d76463447cf9555f697ae8ae1a748290b31f78fe1464a08578409db7cb8	100000	0f70b3bf63ac7ff0498631c0991afb88d8fa6f629fdffbf2ae87cd46fb4f6ea2	coordinate	1228887	a75c03a6ae512c77b2da2a527baa295309518e93750400f559ea20b12af8d5bd	1	e829495d9e64554ff2ba688e7b092c8395130d6e95239bb3b25c38f9c3531258	100000	0f70b3bf63ac7ff0498631c0991afb88d8fa6f629fdffbf2ae87cd46fb4f6ea2	1	e829495d9e64554ff2ba688e7b092c8395130d6e95239bb3b25c38f9c3531258	runs/sparse-records-100000-r04-o02-canonical-upstream/raw/command.txt	runs/sparse-records-100000-r04-o02-canonical-upstream/raw/stdout.txt	runs/sparse-records-100000-r04-o02-canonical-upstream/raw/stderr.txt	
sparse-records-100000-r04-o02-canonical-upstream-ready	sparse	records-100000	ready	canonical-upstream	legacy	4	2	0	0.031515250	0.01	0.00	89%	2048	12df0d76463447cf9555f697ae8ae1a748290b31f78fe1464a08578409db7cb8	100000	0f70b3bf63ac7ff0498631c0991afb88d8fa6f629fdffbf2ae87cd46fb4f6ea2	coordinate	1228887	a75c03a6ae512c77b2da2a527baa295309518e93750400f559ea20b12af8d5bd	1	e829495d9e64554ff2ba688e7b092c8395130d6e95239bb3b25c38f9c3531258	100000	0f70b3bf63ac7ff0498631c0991afb88d8fa6f629fdffbf2ae87cd46fb4f6ea2	1	e829495d9e64554ff2ba688e7b092c8395130d6e95239bb3b25c38f9c3531258	runs/sparse-records-100000-r04-o02-canonical-upstream/ready/command.txt	runs/sparse-records-100000-r04-o02-canonical-upstream/ready/stdout.txt	runs/sparse-records-100000-r04-o02-canonical-upstream/ready/stderr.txt	
sparse-records-100000-r04-o03-dumi-off-raw	sparse	records-100000	raw	dumi	off	4	3	0	1.664857019	6.35	0.32	401%	246812	12df0d76463447cf9555f697ae8ae1a748290b31f78fe1464a08578409db7cb8	100000	0f70b3bf63ac7ff0498631c0991afb88d8fa6f629fdffbf2ae87cd46fb4f6ea2	coordinate	1228887	a75c03a6ae512c77b2da2a527baa295309518e93750400f559ea20b12af8d5bd	1	e829495d9e64554ff2ba688e7b092c8395130d6e95239bb3b25c38f9c3531258	100000	0f70b3bf63ac7ff0498631c0991afb88d8fa6f629fdffbf2ae87cd46fb4f6ea2	1	e829495d9e64554ff2ba688e7b092c8395130d6e95239bb3b25c38f9c3531258	runs/sparse-records-100000-r04-o03-dumi-off/raw/command.txt	runs/sparse-records-100000-r04-o03-dumi-off/raw/stdout.txt	runs/sparse-records-100000-r04-o03-dumi-off/raw/stderr.txt	
sparse-records-100000-r04-o03-dumi-off-ready	sparse	records-100000	ready	dumi	off	4	3	0	0.031084038	0.01	0.00	89%	2048	12df0d76463447cf9555f697ae8ae1a748290b31f78fe1464a08578409db7cb8	100000	0f70b3bf63ac7ff0498631c0991afb88d8fa6f629fdffbf2ae87cd46fb4f6ea2	coordinate	1228887	a75c03a6ae512c77b2da2a527baa295309518e93750400f559ea20b12af8d5bd	1	e829495d9e64554ff2ba688e7b092c8395130d6e95239bb3b25c38f9c3531258	100000	0f70b3bf63ac7ff0498631c0991afb88d8fa6f629fdffbf2ae87cd46fb4f6ea2	1	e829495d9e64554ff2ba688e7b092c8395130d6e95239bb3b25c38f9c3531258	runs/sparse-records-100000-r04-o03-dumi-off/ready/command.txt	runs/sparse-records-100000-r04-o03-dumi-off/ready/stdout.txt	runs/sparse-records-100000-r04-o03-dumi-off/ready/stderr.txt	
sparse-records-100000-r04-o04-dumi-on-raw	sparse	records-100000	raw	dumi	on	4	4	0	0.743608808	2.06	0.23	310%	141312	12df0d76463447cf9555f697ae8ae1a748290b31f78fe1464a08578409db7cb8	100000	0f70b3bf63ac7ff0498631c0991afb88d8fa6f629fdffbf2ae87cd46fb4f6ea2	unsorted	1228885	a5f61e711acf6118cea06b83c140a2fbcf42486341834883e07626ab13348204	1	e829495d9e64554ff2ba688e7b092c8395130d6e95239bb3b25c38f9c3531258	100000	0f70b3bf63ac7ff0498631c0991afb88d8fa6f629fdffbf2ae87cd46fb4f6ea2	1	e829495d9e64554ff2ba688e7b092c8395130d6e95239bb3b25c38f9c3531258	runs/sparse-records-100000-r04-o04-dumi-on/raw/command.txt	runs/sparse-records-100000-r04-o04-dumi-on/raw/stdout.txt	runs/sparse-records-100000-r04-o04-dumi-on/raw/stderr.txt	
sparse-records-100000-r04-o04-dumi-on-ready	sparse	records-100000	ready	dumi	on	4	4	0	0.201589040	0.16	0.03	98%	26624	12df0d76463447cf9555f697ae8ae1a748290b31f78fe1464a08578409db7cb8	100000	0f70b3bf63ac7ff0498631c0991afb88d8fa6f629fdffbf2ae87cd46fb4f6ea2	coordinate	1215155	3dbf969ff5332aaad3952b2f471179c09d4efdebe526998f40891c401774c448	1	e829495d9e64554ff2ba688e7b092c8395130d6e95239bb3b25c38f9c3531258	100000	0f70b3bf63ac7ff0498631c0991afb88d8fa6f629fdffbf2ae87cd46fb4f6ea2	1	e829495d9e64554ff2ba688e7b092c8395130d6e95239bb3b25c38f9c3531258	runs/sparse-records-100000-r04-o04-dumi-on/ready/command.txt	runs/sparse-records-100000-r04-o04-dumi-on/ready/stdout.txt	runs/sparse-records-100000-r04-o04-dumi-on/ready/stderr.txt	
sparse-records-100000-r05-o01-dumi-auto-raw	sparse	records-100000	raw	dumi	auto	5	1	0	0.741868564	1.95	0.18	289%	134308	12df0d76463447cf9555f697ae8ae1a748290b31f78fe1464a08578409db7cb8	100000	0f70b3bf63ac7ff0498631c0991afb88d8fa6f629fdffbf2ae87cd46fb4f6ea2	unsorted	1228885	a5f61e711acf6118cea06b83c140a2fbcf42486341834883e07626ab13348204	1	e829495d9e64554ff2ba688e7b092c8395130d6e95239bb3b25c38f9c3531258	100000	0f70b3bf63ac7ff0498631c0991afb88d8fa6f629fdffbf2ae87cd46fb4f6ea2	1	e829495d9e64554ff2ba688e7b092c8395130d6e95239bb3b25c38f9c3531258	runs/sparse-records-100000-r05-o01-dumi-auto/raw/command.txt	runs/sparse-records-100000-r05-o01-dumi-auto/raw/stdout.txt	runs/sparse-records-100000-r05-o01-dumi-auto/raw/stderr.txt	
sparse-records-100000-r05-o01-dumi-auto-ready	sparse	records-100000	ready	dumi	auto	5	1	0	0.193874772	0.15	0.03	98%	26624	12df0d76463447cf9555f697ae8ae1a748290b31f78fe1464a08578409db7cb8	100000	0f70b3bf63ac7ff0498631c0991afb88d8fa6f629fdffbf2ae87cd46fb4f6ea2	coordinate	1215156	886e7016f16d783987f622b6095531cd5d13560065def91589068c051cc5c6b7	1	e829495d9e64554ff2ba688e7b092c8395130d6e95239bb3b25c38f9c3531258	100000	0f70b3bf63ac7ff0498631c0991afb88d8fa6f629fdffbf2ae87cd46fb4f6ea2	1	e829495d9e64554ff2ba688e7b092c8395130d6e95239bb3b25c38f9c3531258	runs/sparse-records-100000-r05-o01-dumi-auto/ready/command.txt	runs/sparse-records-100000-r05-o01-dumi-auto/ready/stdout.txt	runs/sparse-records-100000-r05-o01-dumi-auto/ready/stderr.txt	
sparse-records-100000-r05-o02-dumi-on-raw	sparse	records-100000	raw	dumi	on	5	2	0	0.712860459	1.88	0.18	291%	141088	12df0d76463447cf9555f697ae8ae1a748290b31f78fe1464a08578409db7cb8	100000	0f70b3bf63ac7ff0498631c0991afb88d8fa6f629fdffbf2ae87cd46fb4f6ea2	unsorted	1228885	a5f61e711acf6118cea06b83c140a2fbcf42486341834883e07626ab13348204	1	e829495d9e64554ff2ba688e7b092c8395130d6e95239bb3b25c38f9c3531258	100000	0f70b3bf63ac7ff0498631c0991afb88d8fa6f629fdffbf2ae87cd46fb4f6ea2	1	e829495d9e64554ff2ba688e7b092c8395130d6e95239bb3b25c38f9c3531258	runs/sparse-records-100000-r05-o02-dumi-on/raw/command.txt	runs/sparse-records-100000-r05-o02-dumi-on/raw/stdout.txt	runs/sparse-records-100000-r05-o02-dumi-on/raw/stderr.txt	
sparse-records-100000-r05-o02-dumi-on-ready	sparse	records-100000	ready	dumi	on	5	2	0	0.209306589	0.15	0.04	98%	26624	12df0d76463447cf9555f697ae8ae1a748290b31f78fe1464a08578409db7cb8	100000	0f70b3bf63ac7ff0498631c0991afb88d8fa6f629fdffbf2ae87cd46fb4f6ea2	coordinate	1215155	35bb6eefb6a90380e3c4aece8bebeccd4b6f9d0deaf2ba24b191c08fddd72c66	1	e829495d9e64554ff2ba688e7b092c8395130d6e95239bb3b25c38f9c3531258	100000	0f70b3bf63ac7ff0498631c0991afb88d8fa6f629fdffbf2ae87cd46fb4f6ea2	1	e829495d9e64554ff2ba688e7b092c8395130d6e95239bb3b25c38f9c3531258	runs/sparse-records-100000-r05-o02-dumi-on/ready/command.txt	runs/sparse-records-100000-r05-o02-dumi-on/ready/stdout.txt	runs/sparse-records-100000-r05-o02-dumi-on/ready/stderr.txt	
sparse-records-100000-r05-o03-dumi-off-raw	sparse	records-100000	raw	dumi	off	5	3	0	1.681237706	6.85	0.32	428%	215040	12df0d76463447cf9555f697ae8ae1a748290b31f78fe1464a08578409db7cb8	100000	0f70b3bf63ac7ff0498631c0991afb88d8fa6f629fdffbf2ae87cd46fb4f6ea2	coordinate	1228887	a75c03a6ae512c77b2da2a527baa295309518e93750400f559ea20b12af8d5bd	1	e829495d9e64554ff2ba688e7b092c8395130d6e95239bb3b25c38f9c3531258	100000	0f70b3bf63ac7ff0498631c0991afb88d8fa6f629fdffbf2ae87cd46fb4f6ea2	1	e829495d9e64554ff2ba688e7b092c8395130d6e95239bb3b25c38f9c3531258	runs/sparse-records-100000-r05-o03-dumi-off/raw/command.txt	runs/sparse-records-100000-r05-o03-dumi-off/raw/stdout.txt	runs/sparse-records-100000-r05-o03-dumi-off/raw/stderr.txt	
sparse-records-100000-r05-o03-dumi-off-ready	sparse	records-100000	ready	dumi	off	5	3	0	0.031040668	0.02	0.00	89%	2048	12df0d76463447cf9555f697ae8ae1a748290b31f78fe1464a08578409db7cb8	100000	0f70b3bf63ac7ff0498631c0991afb88d8fa6f629fdffbf2ae87cd46fb4f6ea2	coordinate	1228887	a75c03a6ae512c77b2da2a527baa295309518e93750400f559ea20b12af8d5bd	1	e829495d9e64554ff2ba688e7b092c8395130d6e95239bb3b25c38f9c3531258	100000	0f70b3bf63ac7ff0498631c0991afb88d8fa6f629fdffbf2ae87cd46fb4f6ea2	1	e829495d9e64554ff2ba688e7b092c8395130d6e95239bb3b25c38f9c3531258	runs/sparse-records-100000-r05-o03-dumi-off/ready/command.txt	runs/sparse-records-100000-r05-o03-dumi-off/ready/stdout.txt	runs/sparse-records-100000-r05-o03-dumi-off/ready/stderr.txt	
sparse-records-100000-r05-o04-canonical-upstream-raw	sparse	records-100000	raw	canonical-upstream	legacy	5	4	0	2.038262485	9.74	0.45	500%	249124	12df0d76463447cf9555f697ae8ae1a748290b31f78fe1464a08578409db7cb8	100000	0f70b3bf63ac7ff0498631c0991afb88d8fa6f629fdffbf2ae87cd46fb4f6ea2	coordinate	1228887	a75c03a6ae512c77b2da2a527baa295309518e93750400f559ea20b12af8d5bd	1	e829495d9e64554ff2ba688e7b092c8395130d6e95239bb3b25c38f9c3531258	100000	0f70b3bf63ac7ff0498631c0991afb88d8fa6f629fdffbf2ae87cd46fb4f6ea2	1	e829495d9e64554ff2ba688e7b092c8395130d6e95239bb3b25c38f9c3531258	runs/sparse-records-100000-r05-o04-canonical-upstream/raw/command.txt	runs/sparse-records-100000-r05-o04-canonical-upstream/raw/stdout.txt	runs/sparse-records-100000-r05-o04-canonical-upstream/raw/stderr.txt	
sparse-records-100000-r05-o04-canonical-upstream-ready	sparse	records-100000	ready	canonical-upstream	legacy	5	4	0	0.031642744	0.02	0.00	93%	2048	12df0d76463447cf9555f697ae8ae1a748290b31f78fe1464a08578409db7cb8	100000	0f70b3bf63ac7ff0498631c0991afb88d8fa6f629fdffbf2ae87cd46fb4f6ea2	coordinate	1228887	a75c03a6ae512c77b2da2a527baa295309518e93750400f559ea20b12af8d5bd	1	e829495d9e64554ff2ba688e7b092c8395130d6e95239bb3b25c38f9c3531258	100000	0f70b3bf63ac7ff0498631c0991afb88d8fa6f629fdffbf2ae87cd46fb4f6ea2	1	e829495d9e64554ff2ba688e7b092c8395130d6e95239bb3b25c38f9c3531258	runs/sparse-records-100000-r05-o04-canonical-upstream/ready/command.txt	runs/sparse-records-100000-r05-o04-canonical-upstream/ready/stdout.txt	runs/sparse-records-100000-r05-o04-canonical-upstream/ready/stderr.txt	
sparse-records-100000-r06-o01-dumi-on-raw	sparse	records-100000	raw	dumi	on	6	1	0	0.743653763	2.03	0.17	298%	138060	12df0d76463447cf9555f697ae8ae1a748290b31f78fe1464a08578409db7cb8	100000	0f70b3bf63ac7ff0498631c0991afb88d8fa6f629fdffbf2ae87cd46fb4f6ea2	unsorted	1228885	a5f61e711acf6118cea06b83c140a2fbcf42486341834883e07626ab13348204	1	e829495d9e64554ff2ba688e7b092c8395130d6e95239bb3b25c38f9c3531258	100000	0f70b3bf63ac7ff0498631c0991afb88d8fa6f629fdffbf2ae87cd46fb4f6ea2	1	e829495d9e64554ff2ba688e7b092c8395130d6e95239bb3b25c38f9c3531258	runs/sparse-records-100000-r06-o01-dumi-on/raw/command.txt	runs/sparse-records-100000-r06-o01-dumi-on/raw/stdout.txt	runs/sparse-records-100000-r06-o01-dumi-on/raw/stderr.txt	
sparse-records-100000-r06-o01-dumi-on-ready	sparse	records-100000	ready	dumi	on	6	1	0	0.215300183	0.17	0.03	98%	26624	12df0d76463447cf9555f697ae8ae1a748290b31f78fe1464a08578409db7cb8	100000	0f70b3bf63ac7ff0498631c0991afb88d8fa6f629fdffbf2ae87cd46fb4f6ea2	coordinate	1215155	7fd21b4650eddcd9479967dc689bc7dc984a51391833515fa9905d9a9c2bca64	1	e829495d9e64554ff2ba688e7b092c8395130d6e95239bb3b25c38f9c3531258	100000	0f70b3bf63ac7ff0498631c0991afb88d8fa6f629fdffbf2ae87cd46fb4f6ea2	1	e829495d9e64554ff2ba688e7b092c8395130d6e95239bb3b25c38f9c3531258	runs/sparse-records-100000-r06-o01-dumi-on/ready/command.txt	runs/sparse-records-100000-r06-o01-dumi-on/ready/stdout.txt	runs/sparse-records-100000-r06-o01-dumi-on/ready/stderr.txt	
sparse-records-100000-r06-o02-dumi-off-raw	sparse	records-100000	raw	dumi	off	6	2	0	1.593851597	6.47	0.29	425%	221128	12df0d76463447cf9555f697ae8ae1a748290b31f78fe1464a08578409db7cb8	100000	0f70b3bf63ac7ff0498631c0991afb88d8fa6f629fdffbf2ae87cd46fb4f6ea2	coordinate	1228887	a75c03a6ae512c77b2da2a527baa295309518e93750400f559ea20b12af8d5bd	1	e829495d9e64554ff2ba688e7b092c8395130d6e95239bb3b25c38f9c3531258	100000	0f70b3bf63ac7ff0498631c0991afb88d8fa6f629fdffbf2ae87cd46fb4f6ea2	1	e829495d9e64554ff2ba688e7b092c8395130d6e95239bb3b25c38f9c3531258	runs/sparse-records-100000-r06-o02-dumi-off/raw/command.txt	runs/sparse-records-100000-r06-o02-dumi-off/raw/stdout.txt	runs/sparse-records-100000-r06-o02-dumi-off/raw/stderr.txt	
sparse-records-100000-r06-o02-dumi-off-ready	sparse	records-100000	ready	dumi	off	6	2	0	0.031927510	0.02	0.00	89%	2048	12df0d76463447cf9555f697ae8ae1a748290b31f78fe1464a08578409db7cb8	100000	0f70b3bf63ac7ff0498631c0991afb88d8fa6f629fdffbf2ae87cd46fb4f6ea2	coordinate	1228887	a75c03a6ae512c77b2da2a527baa295309518e93750400f559ea20b12af8d5bd	1	e829495d9e64554ff2ba688e7b092c8395130d6e95239bb3b25c38f9c3531258	100000	0f70b3bf63ac7ff0498631c0991afb88d8fa6f629fdffbf2ae87cd46fb4f6ea2	1	e829495d9e64554ff2ba688e7b092c8395130d6e95239bb3b25c38f9c3531258	runs/sparse-records-100000-r06-o02-dumi-off/ready/command.txt	runs/sparse-records-100000-r06-o02-dumi-off/ready/stdout.txt	runs/sparse-records-100000-r06-o02-dumi-off/ready/stderr.txt	
sparse-records-100000-r06-o03-canonical-upstream-raw	sparse	records-100000	raw	canonical-upstream	legacy	6	3	0	1.814377428	8.11	0.47	474%	245692	12df0d76463447cf9555f697ae8ae1a748290b31f78fe1464a08578409db7cb8	100000	0f70b3bf63ac7ff0498631c0991afb88d8fa6f629fdffbf2ae87cd46fb4f6ea2	coordinate	1228887	a75c03a6ae512c77b2da2a527baa295309518e93750400f559ea20b12af8d5bd	1	e829495d9e64554ff2ba688e7b092c8395130d6e95239bb3b25c38f9c3531258	100000	0f70b3bf63ac7ff0498631c0991afb88d8fa6f629fdffbf2ae87cd46fb4f6ea2	1	e829495d9e64554ff2ba688e7b092c8395130d6e95239bb3b25c38f9c3531258	runs/sparse-records-100000-r06-o03-canonical-upstream/raw/command.txt	runs/sparse-records-100000-r06-o03-canonical-upstream/raw/stdout.txt	runs/sparse-records-100000-r06-o03-canonical-upstream/raw/stderr.txt	
sparse-records-100000-r06-o03-canonical-upstream-ready	sparse	records-100000	ready	canonical-upstream	legacy	6	3	0	0.030225187	0.02	0.00	88%	2048	12df0d76463447cf9555f697ae8ae1a748290b31f78fe1464a08578409db7cb8	100000	0f70b3bf63ac7ff0498631c0991afb88d8fa6f629fdffbf2ae87cd46fb4f6ea2	coordinate	1228887	a75c03a6ae512c77b2da2a527baa295309518e93750400f559ea20b12af8d5bd	1	e829495d9e64554ff2ba688e7b092c8395130d6e95239bb3b25c38f9c3531258	100000	0f70b3bf63ac7ff0498631c0991afb88d8fa6f629fdffbf2ae87cd46fb4f6ea2	1	e829495d9e64554ff2ba688e7b092c8395130d6e95239bb3b25c38f9c3531258	runs/sparse-records-100000-r06-o03-canonical-upstream/ready/command.txt	runs/sparse-records-100000-r06-o03-canonical-upstream/ready/stdout.txt	runs/sparse-records-100000-r06-o03-canonical-upstream/ready/stderr.txt	
sparse-records-100000-r06-o04-dumi-auto-raw	sparse	records-100000	raw	dumi	auto	6	4	0	0.728915448	1.86	0.16	279%	137688	12df0d76463447cf9555f697ae8ae1a748290b31f78fe1464a08578409db7cb8	100000	0f70b3bf63ac7ff0498631c0991afb88d8fa6f629fdffbf2ae87cd46fb4f6ea2	unsorted	1228885	a5f61e711acf6118cea06b83c140a2fbcf42486341834883e07626ab13348204	1	e829495d9e64554ff2ba688e7b092c8395130d6e95239bb3b25c38f9c3531258	100000	0f70b3bf63ac7ff0498631c0991afb88d8fa6f629fdffbf2ae87cd46fb4f6ea2	1	e829495d9e64554ff2ba688e7b092c8395130d6e95239bb3b25c38f9c3531258	runs/sparse-records-100000-r06-o04-dumi-auto/raw/command.txt	runs/sparse-records-100000-r06-o04-dumi-auto/raw/stdout.txt	runs/sparse-records-100000-r06-o04-dumi-auto/raw/stderr.txt	
sparse-records-100000-r06-o04-dumi-auto-ready	sparse	records-100000	ready	dumi	auto	6	4	0	0.214138314	0.15	0.05	98%	26624	12df0d76463447cf9555f697ae8ae1a748290b31f78fe1464a08578409db7cb8	100000	0f70b3bf63ac7ff0498631c0991afb88d8fa6f629fdffbf2ae87cd46fb4f6ea2	coordinate	1215156	7385ae4d59fa08f395b307ad96df5a456528bcb9069895215bcd85ae84c4bf5d	1	e829495d9e64554ff2ba688e7b092c8395130d6e95239bb3b25c38f9c3531258	100000	0f70b3bf63ac7ff0498631c0991afb88d8fa6f629fdffbf2ae87cd46fb4f6ea2	1	e829495d9e64554ff2ba688e7b092c8395130d6e95239bb3b25c38f9c3531258	runs/sparse-records-100000-r06-o04-dumi-auto/ready/command.txt	runs/sparse-records-100000-r06-o04-dumi-auto/ready/stdout.txt	runs/sparse-records-100000-r06-o04-dumi-auto/ready/stderr.txt	
sparse-records-100000-r07-o01-dumi-off-raw	sparse	records-100000	raw	dumi	off	7	1	0	1.627242052	6.29	0.29	406%	233216	12df0d76463447cf9555f697ae8ae1a748290b31f78fe1464a08578409db7cb8	100000	0f70b3bf63ac7ff0498631c0991afb88d8fa6f629fdffbf2ae87cd46fb4f6ea2	coordinate	1228887	a75c03a6ae512c77b2da2a527baa295309518e93750400f559ea20b12af8d5bd	1	e829495d9e64554ff2ba688e7b092c8395130d6e95239bb3b25c38f9c3531258	100000	0f70b3bf63ac7ff0498631c0991afb88d8fa6f629fdffbf2ae87cd46fb4f6ea2	1	e829495d9e64554ff2ba688e7b092c8395130d6e95239bb3b25c38f9c3531258	runs/sparse-records-100000-r07-o01-dumi-off/raw/command.txt	runs/sparse-records-100000-r07-o01-dumi-off/raw/stdout.txt	runs/sparse-records-100000-r07-o01-dumi-off/raw/stderr.txt	
sparse-records-100000-r07-o01-dumi-off-ready	sparse	records-100000	ready	dumi	off	7	1	0	0.035949784	0.02	0.00	93%	2048	12df0d76463447cf9555f697ae8ae1a748290b31f78fe1464a08578409db7cb8	100000	0f70b3bf63ac7ff0498631c0991afb88d8fa6f629fdffbf2ae87cd46fb4f6ea2	coordinate	1228887	a75c03a6ae512c77b2da2a527baa295309518e93750400f559ea20b12af8d5bd	1	e829495d9e64554ff2ba688e7b092c8395130d6e95239bb3b25c38f9c3531258	100000	0f70b3bf63ac7ff0498631c0991afb88d8fa6f629fdffbf2ae87cd46fb4f6ea2	1	e829495d9e64554ff2ba688e7b092c8395130d6e95239bb3b25c38f9c3531258	runs/sparse-records-100000-r07-o01-dumi-off/ready/command.txt	runs/sparse-records-100000-r07-o01-dumi-off/ready/stdout.txt	runs/sparse-records-100000-r07-o01-dumi-off/ready/stderr.txt	
sparse-records-100000-r07-o02-canonical-upstream-raw	sparse	records-100000	raw	canonical-upstream	legacy	7	2	0	1.763005974	7.74	0.38	462%	251932	12df0d76463447cf9555f697ae8ae1a748290b31f78fe1464a08578409db7cb8	100000	0f70b3bf63ac7ff0498631c0991afb88d8fa6f629fdffbf2ae87cd46fb4f6ea2	coordinate	1228887	a75c03a6ae512c77b2da2a527baa295309518e93750400f559ea20b12af8d5bd	1	e829495d9e64554ff2ba688e7b092c8395130d6e95239bb3b25c38f9c3531258	100000	0f70b3bf63ac7ff0498631c0991afb88d8fa6f629fdffbf2ae87cd46fb4f6ea2	1	e829495d9e64554ff2ba688e7b092c8395130d6e95239bb3b25c38f9c3531258	runs/sparse-records-100000-r07-o02-canonical-upstream/raw/command.txt	runs/sparse-records-100000-r07-o02-canonical-upstream/raw/stdout.txt	runs/sparse-records-100000-r07-o02-canonical-upstream/raw/stderr.txt	
sparse-records-100000-r07-o02-canonical-upstream-ready	sparse	records-100000	ready	canonical-upstream	legacy	7	2	0	0.020740943	0.01	0.00	88%	2048	12df0d76463447cf9555f697ae8ae1a748290b31f78fe1464a08578409db7cb8	100000	0f70b3bf63ac7ff0498631c0991afb88d8fa6f629fdffbf2ae87cd46fb4f6ea2	coordinate	1228887	a75c03a6ae512c77b2da2a527baa295309518e93750400f559ea20b12af8d5bd	1	e829495d9e64554ff2ba688e7b092c8395130d6e95239bb3b25c38f9c3531258	100000	0f70b3bf63ac7ff0498631c0991afb88d8fa6f629fdffbf2ae87cd46fb4f6ea2	1	e829495d9e64554ff2ba688e7b092c8395130d6e95239bb3b25c38f9c3531258	runs/sparse-records-100000-r07-o02-canonical-upstream/ready/command.txt	runs/sparse-records-100000-r07-o02-canonical-upstream/ready/stdout.txt	runs/sparse-records-100000-r07-o02-canonical-upstream/ready/stderr.txt	
sparse-records-100000-r07-o03-dumi-auto-raw	sparse	records-100000	raw	dumi	auto	7	3	0	0.739474611	1.93	0.17	286%	138376	12df0d76463447cf9555f697ae8ae1a748290b31f78fe1464a08578409db7cb8	100000	0f70b3bf63ac7ff0498631c0991afb88d8fa6f629fdffbf2ae87cd46fb4f6ea2	unsorted	1228885	a5f61e711acf6118cea06b83c140a2fbcf42486341834883e07626ab13348204	1	e829495d9e64554ff2ba688e7b092c8395130d6e95239bb3b25c38f9c3531258	100000	0f70b3bf63ac7ff0498631c0991afb88d8fa6f629fdffbf2ae87cd46fb4f6ea2	1	e829495d9e64554ff2ba688e7b092c8395130d6e95239bb3b25c38f9c3531258	runs/sparse-records-100000-r07-o03-dumi-auto/raw/command.txt	runs/sparse-records-100000-r07-o03-dumi-auto/raw/stdout.txt	runs/sparse-records-100000-r07-o03-dumi-auto/raw/stderr.txt	
sparse-records-100000-r07-o03-dumi-auto-ready	sparse	records-100000	ready	dumi	auto	7	3	0	0.215092599	0.17	0.03	98%	26624	12df0d76463447cf9555f697ae8ae1a748290b31f78fe1464a08578409db7cb8	100000	0f70b3bf63ac7ff0498631c0991afb88d8fa6f629fdffbf2ae87cd46fb4f6ea2	coordinate	1215157	b77ae61ff3e6a05c8d80c56f0e0be2a37c43a17089184f62ec2148b3d5db6f9c	1	e829495d9e64554ff2ba688e7b092c8395130d6e95239bb3b25c38f9c3531258	100000	0f70b3bf63ac7ff0498631c0991afb88d8fa6f629fdffbf2ae87cd46fb4f6ea2	1	e829495d9e64554ff2ba688e7b092c8395130d6e95239bb3b25c38f9c3531258	runs/sparse-records-100000-r07-o03-dumi-auto/ready/command.txt	runs/sparse-records-100000-r07-o03-dumi-auto/ready/stdout.txt	runs/sparse-records-100000-r07-o03-dumi-auto/ready/stderr.txt	
sparse-records-100000-r07-o04-dumi-on-raw	sparse	records-100000	raw	dumi	on	7	4	0	0.745209830	1.88	0.16	275%	135032	12df0d76463447cf9555f697ae8ae1a748290b31f78fe1464a08578409db7cb8	100000	0f70b3bf63ac7ff0498631c0991afb88d8fa6f629fdffbf2ae87cd46fb4f6ea2	unsorted	1228885	a5f61e711acf6118cea06b83c140a2fbcf42486341834883e07626ab13348204	1	e829495d9e64554ff2ba688e7b092c8395130d6e95239bb3b25c38f9c3531258	100000	0f70b3bf63ac7ff0498631c0991afb88d8fa6f629fdffbf2ae87cd46fb4f6ea2	1	e829495d9e64554ff2ba688e7b092c8395130d6e95239bb3b25c38f9c3531258	runs/sparse-records-100000-r07-o04-dumi-on/raw/command.txt	runs/sparse-records-100000-r07-o04-dumi-on/raw/stdout.txt	runs/sparse-records-100000-r07-o04-dumi-on/raw/stderr.txt	
sparse-records-100000-r07-o04-dumi-on-ready	sparse	records-100000	ready	dumi	on	7	4	0	0.216168908	0.16	0.04	98%	26624	12df0d76463447cf9555f697ae8ae1a748290b31f78fe1464a08578409db7cb8	100000	0f70b3bf63ac7ff0498631c0991afb88d8fa6f629fdffbf2ae87cd46fb4f6ea2	coordinate	1215156	c890c2da1c83c4b51ee160193f1bf311f7bcdfc6f5db3dd9de34c944742a5021	1	e829495d9e64554ff2ba688e7b092c8395130d6e95239bb3b25c38f9c3531258	100000	0f70b3bf63ac7ff0498631c0991afb88d8fa6f629fdffbf2ae87cd46fb4f6ea2	1	e829495d9e64554ff2ba688e7b092c8395130d6e95239bb3b25c38f9c3531258	runs/sparse-records-100000-r07-o04-dumi-on/ready/command.txt	runs/sparse-records-100000-r07-o04-dumi-on/ready/stdout.txt	runs/sparse-records-100000-r07-o04-dumi-on/ready/stderr.txt	
sparse-records-1000000-r01-o01-dumi-off-raw	sparse	records-1000000	raw	dumi	off	1	1	0	9.039054777	41.67	2.32	487%	1348708	04a694611309dc09c12ad8e57e4bf5fed38a43786bb585da0d42b4c78d9247d6	1000000	22b7228cba0d0c35ee5aef376cb36e21b29717043a50a0fe46e30c971b380e0b	coordinate	12291557	c3c590717e84348e181e3d9197345cb3ebc80bcb3d96c7053d02bc300e35a04f	1	6216b516ec3a8a9c24ca40a458fc2297b99ed1874119c0eaf24ce5de47f85502	1000000	22b7228cba0d0c35ee5aef376cb36e21b29717043a50a0fe46e30c971b380e0b	1	6216b516ec3a8a9c24ca40a458fc2297b99ed1874119c0eaf24ce5de47f85502	runs/sparse-records-1000000-r01-o01-dumi-off/raw/command.txt	runs/sparse-records-1000000-r01-o01-dumi-off/raw/stdout.txt	runs/sparse-records-1000000-r01-o01-dumi-off/raw/stderr.txt	
sparse-records-1000000-r01-o01-dumi-off-ready	sparse	records-1000000	ready	dumi	off	1	1	0	0.144959961	0.13	0.00	99%	2048	04a694611309dc09c12ad8e57e4bf5fed38a43786bb585da0d42b4c78d9247d6	1000000	22b7228cba0d0c35ee5aef376cb36e21b29717043a50a0fe46e30c971b380e0b	coordinate	12291557	c3c590717e84348e181e3d9197345cb3ebc80bcb3d96c7053d02bc300e35a04f	1	6216b516ec3a8a9c24ca40a458fc2297b99ed1874119c0eaf24ce5de47f85502	1000000	22b7228cba0d0c35ee5aef376cb36e21b29717043a50a0fe46e30c971b380e0b	1	6216b516ec3a8a9c24ca40a458fc2297b99ed1874119c0eaf24ce5de47f85502	runs/sparse-records-1000000-r01-o01-dumi-off/ready/command.txt	runs/sparse-records-1000000-r01-o01-dumi-off/ready/stdout.txt	runs/sparse-records-1000000-r01-o01-dumi-off/ready/stderr.txt	
sparse-records-1000000-r01-o02-dumi-on-raw	sparse	records-1000000	raw	dumi	on	1	2	0	3.469737921	4.98	0.32	153%	237852	04a694611309dc09c12ad8e57e4bf5fed38a43786bb585da0d42b4c78d9247d6	1000000	22b7228cba0d0c35ee5aef376cb36e21b29717043a50a0fe46e30c971b380e0b	unsorted	12291502	260987859468dfa0da316b8a4ba24e4a42697eb6a9a9668dae194ac3baebb5df	1	6216b516ec3a8a9c24ca40a458fc2297b99ed1874119c0eaf24ce5de47f85502	1000000	22b7228cba0d0c35ee5aef376cb36e21b29717043a50a0fe46e30c971b380e0b	1	6216b516ec3a8a9c24ca40a458fc2297b99ed1874119c0eaf24ce5de47f85502	runs/sparse-records-1000000-r01-o02-dumi-on/raw/command.txt	runs/sparse-records-1000000-r01-o02-dumi-on/raw/stdout.txt	runs/sparse-records-1000000-r01-o02-dumi-on/raw/stderr.txt	
sparse-records-1000000-r01-o02-dumi-on-ready	sparse	records-1000000	ready	dumi	on	1	2	0	1.624771674	1.39	0.21	99%	237568	04a694611309dc09c12ad8e57e4bf5fed38a43786bb585da0d42b4c78d9247d6	1000000	22b7228cba0d0c35ee5aef376cb36e21b29717043a50a0fe46e30c971b380e0b	coordinate	12154423	00acc4fef356a7471d81ec8f7253a76ef698f77a1a3859427a3392d60b0e9a2a	1	6216b516ec3a8a9c24ca40a458fc2297b99ed1874119c0eaf24ce5de47f85502	1000000	22b7228cba0d0c35ee5aef376cb36e21b29717043a50a0fe46e30c971b380e0b	1	6216b516ec3a8a9c24ca40a458fc2297b99ed1874119c0eaf24ce5de47f85502	runs/sparse-records-1000000-r01-o02-dumi-on/ready/command.txt	runs/sparse-records-1000000-r01-o02-dumi-on/ready/stdout.txt	runs/sparse-records-1000000-r01-o02-dumi-on/ready/stderr.txt	
sparse-records-1000000-r01-o03-dumi-auto-raw	sparse	records-1000000	raw	dumi	auto	1	3	0	3.527920097	4.92	0.40	151%	254224	04a694611309dc09c12ad8e57e4bf5fed38a43786bb585da0d42b4c78d9247d6	1000000	22b7228cba0d0c35ee5aef376cb36e21b29717043a50a0fe46e30c971b380e0b	unsorted	12291502	260987859468dfa0da316b8a4ba24e4a42697eb6a9a9668dae194ac3baebb5df	1	6216b516ec3a8a9c24ca40a458fc2297b99ed1874119c0eaf24ce5de47f85502	1000000	22b7228cba0d0c35ee5aef376cb36e21b29717043a50a0fe46e30c971b380e0b	1	6216b516ec3a8a9c24ca40a458fc2297b99ed1874119c0eaf24ce5de47f85502	runs/sparse-records-1000000-r01-o03-dumi-auto/raw/command.txt	runs/sparse-records-1000000-r01-o03-dumi-auto/raw/stdout.txt	runs/sparse-records-1000000-r01-o03-dumi-auto/raw/stderr.txt	
sparse-records-1000000-r01-o03-dumi-auto-ready	sparse	records-1000000	ready	dumi	auto	1	3	0	1.614797515	1.39	0.20	99%	237568	04a694611309dc09c12ad8e57e4bf5fed38a43786bb585da0d42b4c78d9247d6	1000000	22b7228cba0d0c35ee5aef376cb36e21b29717043a50a0fe46e30c971b380e0b	coordinate	12154423	d5148c58f9bebcf0158bbd042e74a420236cd81ba73f8576db72bbd61d6d84e4	1	6216b516ec3a8a9c24ca40a458fc2297b99ed1874119c0eaf24ce5de47f85502	1000000	22b7228cba0d0c35ee5aef376cb36e21b29717043a50a0fe46e30c971b380e0b	1	6216b516ec3a8a9c24ca40a458fc2297b99ed1874119c0eaf24ce5de47f85502	runs/sparse-records-1000000-r01-o03-dumi-auto/ready/command.txt	runs/sparse-records-1000000-r01-o03-dumi-auto/ready/stdout.txt	runs/sparse-records-1000000-r01-o03-dumi-auto/ready/stderr.txt	
sparse-records-1000000-r01-o04-canonical-upstream-raw	sparse	records-1000000	raw	canonical-upstream	legacy	1	4	0	9.211153661	28.61	2.30	335%	1616684	04a694611309dc09c12ad8e57e4bf5fed38a43786bb585da0d42b4c78d9247d6	1000000	22b7228cba0d0c35ee5aef376cb36e21b29717043a50a0fe46e30c971b380e0b	coordinate	12291557	c3c590717e84348e181e3d9197345cb3ebc80bcb3d96c7053d02bc300e35a04f	1	6216b516ec3a8a9c24ca40a458fc2297b99ed1874119c0eaf24ce5de47f85502	1000000	22b7228cba0d0c35ee5aef376cb36e21b29717043a50a0fe46e30c971b380e0b	1	6216b516ec3a8a9c24ca40a458fc2297b99ed1874119c0eaf24ce5de47f85502	runs/sparse-records-1000000-r01-o04-canonical-upstream/raw/command.txt	runs/sparse-records-1000000-r01-o04-canonical-upstream/raw/stdout.txt	runs/sparse-records-1000000-r01-o04-canonical-upstream/raw/stderr.txt	
sparse-records-1000000-r01-o04-canonical-upstream-ready	sparse	records-1000000	ready	canonical-upstream	legacy	1	4	0	0.144854951	0.13	0.00	99%	2048	04a694611309dc09c12ad8e57e4bf5fed38a43786bb585da0d42b4c78d9247d6	1000000	22b7228cba0d0c35ee5aef376cb36e21b29717043a50a0fe46e30c971b380e0b	coordinate	12291557	c3c590717e84348e181e3d9197345cb3ebc80bcb3d96c7053d02bc300e35a04f	1	6216b516ec3a8a9c24ca40a458fc2297b99ed1874119c0eaf24ce5de47f85502	1000000	22b7228cba0d0c35ee5aef376cb36e21b29717043a50a0fe46e30c971b380e0b	1	6216b516ec3a8a9c24ca40a458fc2297b99ed1874119c0eaf24ce5de47f85502	runs/sparse-records-1000000-r01-o04-canonical-upstream/ready/command.txt	runs/sparse-records-1000000-r01-o04-canonical-upstream/ready/stdout.txt	runs/sparse-records-1000000-r01-o04-canonical-upstream/ready/stderr.txt	
sparse-records-1000000-r02-o01-dumi-on-raw	sparse	records-1000000	raw	dumi	on	2	1	0	3.554711567	5.05	0.38	153%	251584	04a694611309dc09c12ad8e57e4bf5fed38a43786bb585da0d42b4c78d9247d6	1000000	22b7228cba0d0c35ee5aef376cb36e21b29717043a50a0fe46e30c971b380e0b	unsorted	12291502	260987859468dfa0da316b8a4ba24e4a42697eb6a9a9668dae194ac3baebb5df	1	6216b516ec3a8a9c24ca40a458fc2297b99ed1874119c0eaf24ce5de47f85502	1000000	22b7228cba0d0c35ee5aef376cb36e21b29717043a50a0fe46e30c971b380e0b	1	6216b516ec3a8a9c24ca40a458fc2297b99ed1874119c0eaf24ce5de47f85502	runs/sparse-records-1000000-r02-o01-dumi-on/raw/command.txt	runs/sparse-records-1000000-r02-o01-dumi-on/raw/stdout.txt	runs/sparse-records-1000000-r02-o01-dumi-on/raw/stderr.txt	
sparse-records-1000000-r02-o01-dumi-on-ready	sparse	records-1000000	ready	dumi	on	2	1	0	1.664541175	1.44	0.20	99%	237568	04a694611309dc09c12ad8e57e4bf5fed38a43786bb585da0d42b4c78d9247d6	1000000	22b7228cba0d0c35ee5aef376cb36e21b29717043a50a0fe46e30c971b380e0b	coordinate	12154423	ba95d60ebd726d75984fb47d2af2e1d5dd7c4bcefff103ca9fe37c5880c40031	1	6216b516ec3a8a9c24ca40a458fc2297b99ed1874119c0eaf24ce5de47f85502	1000000	22b7228cba0d0c35ee5aef376cb36e21b29717043a50a0fe46e30c971b380e0b	1	6216b516ec3a8a9c24ca40a458fc2297b99ed1874119c0eaf24ce5de47f85502	runs/sparse-records-1000000-r02-o01-dumi-on/ready/command.txt	runs/sparse-records-1000000-r02-o01-dumi-on/ready/stdout.txt	runs/sparse-records-1000000-r02-o01-dumi-on/ready/stderr.txt	
sparse-records-1000000-r02-o02-dumi-auto-raw	sparse	records-1000000	raw	dumi	auto	2	2	0	3.569549036	4.97	0.42	151%	280536	04a694611309dc09c12ad8e57e4bf5fed38a43786bb585da0d42b4c78d9247d6	1000000	22b7228cba0d0c35ee5aef376cb36e21b29717043a50a0fe46e30c971b380e0b	unsorted	12291502	260987859468dfa0da316b8a4ba24e4a42697eb6a9a9668dae194ac3baebb5df	1	6216b516ec3a8a9c24ca40a458fc2297b99ed1874119c0eaf24ce5de47f85502	1000000	22b7228cba0d0c35ee5aef376cb36e21b29717043a50a0fe46e30c971b380e0b	1	6216b516ec3a8a9c24ca40a458fc2297b99ed1874119c0eaf24ce5de47f85502	runs/sparse-records-1000000-r02-o02-dumi-auto/raw/command.txt	runs/sparse-records-1000000-r02-o02-dumi-auto/raw/stdout.txt	runs/sparse-records-1000000-r02-o02-dumi-auto/raw/stderr.txt	
sparse-records-1000000-r02-o02-dumi-auto-ready	sparse	records-1000000	ready	dumi	auto	2	2	0	1.616294369	1.39	0.20	99%	237568	04a694611309dc09c12ad8e57e4bf5fed38a43786bb585da0d42b4c78d9247d6	1000000	22b7228cba0d0c35ee5aef376cb36e21b29717043a50a0fe46e30c971b380e0b	coordinate	12154423	f5d775dd7b607ff1f197fdc228b2541c7e1dcfd43b120d0b3629413d1ede9117	1	6216b516ec3a8a9c24ca40a458fc2297b99ed1874119c0eaf24ce5de47f85502	1000000	22b7228cba0d0c35ee5aef376cb36e21b29717043a50a0fe46e30c971b380e0b	1	6216b516ec3a8a9c24ca40a458fc2297b99ed1874119c0eaf24ce5de47f85502	runs/sparse-records-1000000-r02-o02-dumi-auto/ready/command.txt	runs/sparse-records-1000000-r02-o02-dumi-auto/ready/stdout.txt	runs/sparse-records-1000000-r02-o02-dumi-auto/ready/stderr.txt	
sparse-records-1000000-r02-o03-canonical-upstream-raw	sparse	records-1000000	raw	canonical-upstream	legacy	2	3	0	9.087145150	27.88	2.00	329%	1650412	04a694611309dc09c12ad8e57e4bf5fed38a43786bb585da0d42b4c78d9247d6	1000000	22b7228cba0d0c35ee5aef376cb36e21b29717043a50a0fe46e30c971b380e0b	coordinate	12291557	c3c590717e84348e181e3d9197345cb3ebc80bcb3d96c7053d02bc300e35a04f	1	6216b516ec3a8a9c24ca40a458fc2297b99ed1874119c0eaf24ce5de47f85502	1000000	22b7228cba0d0c35ee5aef376cb36e21b29717043a50a0fe46e30c971b380e0b	1	6216b516ec3a8a9c24ca40a458fc2297b99ed1874119c0eaf24ce5de47f85502	runs/sparse-records-1000000-r02-o03-canonical-upstream/raw/command.txt	runs/sparse-records-1000000-r02-o03-canonical-upstream/raw/stdout.txt	runs/sparse-records-1000000-r02-o03-canonical-upstream/raw/stderr.txt	
sparse-records-1000000-r02-o03-canonical-upstream-ready	sparse	records-1000000	ready	canonical-upstream	legacy	2	3	0	0.135193905	0.12	0.00	97%	2048	04a694611309dc09c12ad8e57e4bf5fed38a43786bb585da0d42b4c78d9247d6	1000000	22b7228cba0d0c35ee5aef376cb36e21b29717043a50a0fe46e30c971b380e0b	coordinate	12291557	c3c590717e84348e181e3d9197345cb3ebc80bcb3d96c7053d02bc300e35a04f	1	6216b516ec3a8a9c24ca40a458fc2297b99ed1874119c0eaf24ce5de47f85502	1000000	22b7228cba0d0c35ee5aef376cb36e21b29717043a50a0fe46e30c971b380e0b	1	6216b516ec3a8a9c24ca40a458fc2297b99ed1874119c0eaf24ce5de47f85502	runs/sparse-records-1000000-r02-o03-canonical-upstream/ready/command.txt	runs/sparse-records-1000000-r02-o03-canonical-upstream/ready/stdout.txt	runs/sparse-records-1000000-r02-o03-canonical-upstream/ready/stderr.txt	
sparse-records-1000000-r02-o04-dumi-off-raw	sparse	records-1000000	raw	dumi	off	2	4	0	7.901220253	32.90	1.61	437%	1433672	04a694611309dc09c12ad8e57e4bf5fed38a43786bb585da0d42b4c78d9247d6	1000000	22b7228cba0d0c35ee5aef376cb36e21b29717043a50a0fe46e30c971b380e0b	coordinate	12291557	c3c590717e84348e181e3d9197345cb3ebc80bcb3d96c7053d02bc300e35a04f	1	6216b516ec3a8a9c24ca40a458fc2297b99ed1874119c0eaf24ce5de47f85502	1000000	22b7228cba0d0c35ee5aef376cb36e21b29717043a50a0fe46e30c971b380e0b	1	6216b516ec3a8a9c24ca40a458fc2297b99ed1874119c0eaf24ce5de47f85502	runs/sparse-records-1000000-r02-o04-dumi-off/raw/command.txt	runs/sparse-records-1000000-r02-o04-dumi-off/raw/stdout.txt	runs/sparse-records-1000000-r02-o04-dumi-off/raw/stderr.txt	
sparse-records-1000000-r02-o04-dumi-off-ready	sparse	records-1000000	ready	dumi	off	2	4	0	0.147886973	0.13	0.00	97%	2048	04a694611309dc09c12ad8e57e4bf5fed38a43786bb585da0d42b4c78d9247d6	1000000	22b7228cba0d0c35ee5aef376cb36e21b29717043a50a0fe46e30c971b380e0b	coordinate	12291557	c3c590717e84348e181e3d9197345cb3ebc80bcb3d96c7053d02bc300e35a04f	1	6216b516ec3a8a9c24ca40a458fc2297b99ed1874119c0eaf24ce5de47f85502	1000000	22b7228cba0d0c35ee5aef376cb36e21b29717043a50a0fe46e30c971b380e0b	1	6216b516ec3a8a9c24ca40a458fc2297b99ed1874119c0eaf24ce5de47f85502	runs/sparse-records-1000000-r02-o04-dumi-off/ready/command.txt	runs/sparse-records-1000000-r02-o04-dumi-off/ready/stdout.txt	runs/sparse-records-1000000-r02-o04-dumi-off/ready/stderr.txt	
sparse-records-1000000-r03-o01-dumi-auto-raw	sparse	records-1000000	raw	dumi	auto	3	1	0	3.468782396	4.95	0.37	153%	265228	04a694611309dc09c12ad8e57e4bf5fed38a43786bb585da0d42b4c78d9247d6	1000000	22b7228cba0d0c35ee5aef376cb36e21b29717043a50a0fe46e30c971b380e0b	unsorted	12291502	260987859468dfa0da316b8a4ba24e4a42697eb6a9a9668dae194ac3baebb5df	1	6216b516ec3a8a9c24ca40a458fc2297b99ed1874119c0eaf24ce5de47f85502	1000000	22b7228cba0d0c35ee5aef376cb36e21b29717043a50a0fe46e30c971b380e0b	1	6216b516ec3a8a9c24ca40a458fc2297b99ed1874119c0eaf24ce5de47f85502	runs/sparse-records-1000000-r03-o01-dumi-auto/raw/command.txt	runs/sparse-records-1000000-r03-o01-dumi-auto/raw/stdout.txt	runs/sparse-records-1000000-r03-o01-dumi-auto/raw/stderr.txt	
sparse-records-1000000-r03-o01-dumi-auto-ready	sparse	records-1000000	ready	dumi	auto	3	1	0	1.629536726	1.42	0.19	99%	237568	04a694611309dc09c12ad8e57e4bf5fed38a43786bb585da0d42b4c78d9247d6	1000000	22b7228cba0d0c35ee5aef376cb36e21b29717043a50a0fe46e30c971b380e0b	coordinate	12154423	ac76aa0c4be263167d43e2ec70e2b5d440e9b82ff9c159ed8e6652de46159a64	1	6216b516ec3a8a9c24ca40a458fc2297b99ed1874119c0eaf24ce5de47f85502	1000000	22b7228cba0d0c35ee5aef376cb36e21b29717043a50a0fe46e30c971b380e0b	1	6216b516ec3a8a9c24ca40a458fc2297b99ed1874119c0eaf24ce5de47f85502	runs/sparse-records-1000000-r03-o01-dumi-auto/ready/command.txt	runs/sparse-records-1000000-r03-o01-dumi-auto/ready/stdout.txt	runs/sparse-records-1000000-r03-o01-dumi-auto/ready/stderr.txt	
sparse-records-1000000-r03-o02-canonical-upstream-raw	sparse	records-1000000	raw	canonical-upstream	legacy	3	2	0	10.091808045	34.56	2.43	366%	1603704	04a694611309dc09c12ad8e57e4bf5fed38a43786bb585da0d42b4c78d9247d6	1000000	22b7228cba0d0c35ee5aef376cb36e21b29717043a50a0fe46e30c971b380e0b	coordinate	12291557	c3c590717e84348e181e3d9197345cb3ebc80bcb3d96c7053d02bc300e35a04f	1	6216b516ec3a8a9c24ca40a458fc2297b99ed1874119c0eaf24ce5de47f85502	1000000	22b7228cba0d0c35ee5aef376cb36e21b29717043a50a0fe46e30c971b380e0b	1	6216b516ec3a8a9c24ca40a458fc2297b99ed1874119c0eaf24ce5de47f85502	runs/sparse-records-1000000-r03-o02-canonical-upstream/raw/command.txt	runs/sparse-records-1000000-r03-o02-canonical-upstream/raw/stdout.txt	runs/sparse-records-1000000-r03-o02-canonical-upstream/raw/stderr.txt	
sparse-records-1000000-r03-o02-canonical-upstream-ready	sparse	records-1000000	ready	canonical-upstream	legacy	3	2	0	0.146623822	0.13	0.00	99%	2048	04a694611309dc09c12ad8e57e4bf5fed38a43786bb585da0d42b4c78d9247d6	1000000	22b7228cba0d0c35ee5aef376cb36e21b29717043a50a0fe46e30c971b380e0b	coordinate	12291557	c3c590717e84348e181e3d9197345cb3ebc80bcb3d96c7053d02bc300e35a04f	1	6216b516ec3a8a9c24ca40a458fc2297b99ed1874119c0eaf24ce5de47f85502	1000000	22b7228cba0d0c35ee5aef376cb36e21b29717043a50a0fe46e30c971b380e0b	1	6216b516ec3a8a9c24ca40a458fc2297b99ed1874119c0eaf24ce5de47f85502	runs/sparse-records-1000000-r03-o02-canonical-upstream/ready/command.txt	runs/sparse-records-1000000-r03-o02-canonical-upstream/ready/stdout.txt	runs/sparse-records-1000000-r03-o02-canonical-upstream/ready/stderr.txt	
sparse-records-1000000-r03-o03-dumi-off-raw	sparse	records-1000000	raw	dumi	off	3	3	0	9.187452059	39.95	2.04	457%	1460688	04a694611309dc09c12ad8e57e4bf5fed38a43786bb585da0d42b4c78d9247d6	1000000	22b7228cba0d0c35ee5aef376cb36e21b29717043a50a0fe46e30c971b380e0b	coordinate	12291557	c3c590717e84348e181e3d9197345cb3ebc80bcb3d96c7053d02bc300e35a04f	1	6216b516ec3a8a9c24ca40a458fc2297b99ed1874119c0eaf24ce5de47f85502	1000000	22b7228cba0d0c35ee5aef376cb36e21b29717043a50a0fe46e30c971b380e0b	1	6216b516ec3a8a9c24ca40a458fc2297b99ed1874119c0eaf24ce5de47f85502	runs/sparse-records-1000000-r03-o03-dumi-off/raw/command.txt	runs/sparse-records-1000000-r03-o03-dumi-off/raw/stdout.txt	runs/sparse-records-1000000-r03-o03-dumi-off/raw/stderr.txt	
sparse-records-1000000-r03-o03-dumi-off-ready	sparse	records-1000000	ready	dumi	off	3	3	0	0.134784427	0.12	0.00	99%	2048	04a694611309dc09c12ad8e57e4bf5fed38a43786bb585da0d42b4c78d9247d6	1000000	22b7228cba0d0c35ee5aef376cb36e21b29717043a50a0fe46e30c971b380e0b	coordinate	12291557	c3c590717e84348e181e3d9197345cb3ebc80bcb3d96c7053d02bc300e35a04f	1	6216b516ec3a8a9c24ca40a458fc2297b99ed1874119c0eaf24ce5de47f85502	1000000	22b7228cba0d0c35ee5aef376cb36e21b29717043a50a0fe46e30c971b380e0b	1	6216b516ec3a8a9c24ca40a458fc2297b99ed1874119c0eaf24ce5de47f85502	runs/sparse-records-1000000-r03-o03-dumi-off/ready/command.txt	runs/sparse-records-1000000-r03-o03-dumi-off/ready/stdout.txt	runs/sparse-records-1000000-r03-o03-dumi-off/ready/stderr.txt	
sparse-records-1000000-r03-o04-dumi-on-raw	sparse	records-1000000	raw	dumi	on	3	4	0	3.434066206	4.86	0.33	151%	253632	04a694611309dc09c12ad8e57e4bf5fed38a43786bb585da0d42b4c78d9247d6	1000000	22b7228cba0d0c35ee5aef376cb36e21b29717043a50a0fe46e30c971b380e0b	unsorted	12291502	260987859468dfa0da316b8a4ba24e4a42697eb6a9a9668dae194ac3baebb5df	1	6216b516ec3a8a9c24ca40a458fc2297b99ed1874119c0eaf24ce5de47f85502	1000000	22b7228cba0d0c35ee5aef376cb36e21b29717043a50a0fe46e30c971b380e0b	1	6216b516ec3a8a9c24ca40a458fc2297b99ed1874119c0eaf24ce5de47f85502	runs/sparse-records-1000000-r03-o04-dumi-on/raw/command.txt	runs/sparse-records-1000000-r03-o04-dumi-on/raw/stdout.txt	runs/sparse-records-1000000-r03-o04-dumi-on/raw/stderr.txt	
sparse-records-1000000-r03-o04-dumi-on-ready	sparse	records-1000000	ready	dumi	on	3	4	0	1.621227198	1.40	0.20	99%	237568	04a694611309dc09c12ad8e57e4bf5fed38a43786bb585da0d42b4c78d9247d6	1000000	22b7228cba0d0c35ee5aef376cb36e21b29717043a50a0fe46e30c971b380e0b	coordinate	12154423	09f51e4411af77a654a32dbd339685448658f457ef6d57666c9a3c8a97dd5586	1	6216b516ec3a8a9c24ca40a458fc2297b99ed1874119c0eaf24ce5de47f85502	1000000	22b7228cba0d0c35ee5aef376cb36e21b29717043a50a0fe46e30c971b380e0b	1	6216b516ec3a8a9c24ca40a458fc2297b99ed1874119c0eaf24ce5de47f85502	runs/sparse-records-1000000-r03-o04-dumi-on/ready/command.txt	runs/sparse-records-1000000-r03-o04-dumi-on/ready/stdout.txt	runs/sparse-records-1000000-r03-o04-dumi-on/ready/stderr.txt	
sparse-records-1000000-r04-o01-dumi-auto-raw	sparse	records-1000000	raw	dumi	auto	4	1	0	3.353532331	4.62	0.35	148%	281124	04a694611309dc09c12ad8e57e4bf5fed38a43786bb585da0d42b4c78d9247d6	1000000	22b7228cba0d0c35ee5aef376cb36e21b29717043a50a0fe46e30c971b380e0b	unsorted	12291502	260987859468dfa0da316b8a4ba24e4a42697eb6a9a9668dae194ac3baebb5df	1	6216b516ec3a8a9c24ca40a458fc2297b99ed1874119c0eaf24ce5de47f85502	1000000	22b7228cba0d0c35ee5aef376cb36e21b29717043a50a0fe46e30c971b380e0b	1	6216b516ec3a8a9c24ca40a458fc2297b99ed1874119c0eaf24ce5de47f85502	runs/sparse-records-1000000-r04-o01-dumi-auto/raw/command.txt	runs/sparse-records-1000000-r04-o01-dumi-auto/raw/stdout.txt	runs/sparse-records-1000000-r04-o01-dumi-auto/raw/stderr.txt	
sparse-records-1000000-r04-o01-dumi-auto-ready	sparse	records-1000000	ready	dumi	auto	4	1	0	1.616735628	1.41	0.19	99%	237568	04a694611309dc09c12ad8e57e4bf5fed38a43786bb585da0d42b4c78d9247d6	1000000	22b7228cba0d0c35ee5aef376cb36e21b29717043a50a0fe46e30c971b380e0b	coordinate	12154423	2dd4177460f055cbb993010a9e3ccc261eac8f84efc9473e297d1ec4632a0c70	1	6216b516ec3a8a9c24ca40a458fc2297b99ed1874119c0eaf24ce5de47f85502	1000000	22b7228cba0d0c35ee5aef376cb36e21b29717043a50a0fe46e30c971b380e0b	1	6216b516ec3a8a9c24ca40a458fc2297b99ed1874119c0eaf24ce5de47f85502	runs/sparse-records-1000000-r04-o01-dumi-auto/ready/command.txt	runs/sparse-records-1000000-r04-o01-dumi-auto/ready/stdout.txt	runs/sparse-records-1000000-r04-o01-dumi-auto/ready/stderr.txt	
sparse-records-1000000-r04-o02-dumi-on-raw	sparse	records-1000000	raw	dumi	on	4	2	0	3.382696116	4.81	0.33	152%	242612	04a694611309dc09c12ad8e57e4bf5fed38a43786bb585da0d42b4c78d9247d6	1000000	22b7228cba0d0c35ee5aef376cb36e21b29717043a50a0fe46e30c971b380e0b	unsorted	12291502	260987859468dfa0da316b8a4ba24e4a42697eb6a9a9668dae194ac3baebb5df	1	6216b516ec3a8a9c24ca40a458fc2297b99ed1874119c0eaf24ce5de47f85502	1000000	22b7228cba0d0c35ee5aef376cb36e21b29717043a50a0fe46e30c971b380e0b	1	6216b516ec3a8a9c24ca40a458fc2297b99ed1874119c0eaf24ce5de47f85502	runs/sparse-records-1000000-r04-o02-dumi-on/raw/command.txt	runs/sparse-records-1000000-r04-o02-dumi-on/raw/stdout.txt	runs/sparse-records-1000000-r04-o02-dumi-on/raw/stderr.txt	
sparse-records-1000000-r04-o02-dumi-on-ready	sparse	records-1000000	ready	dumi	on	4	2	0	1.605429033	1.40	0.19	99%	237568	04a694611309dc09c12ad8e57e4bf5fed38a43786bb585da0d42b4c78d9247d6	1000000	22b7228cba0d0c35ee5aef376cb36e21b29717043a50a0fe46e30c971b380e0b	coordinate	12154423	9efc594327ed9f2e4d5b4370bb17b2f19fccb4a0344c7ac96ec70375a721d5eb	1	6216b516ec3a8a9c24ca40a458fc2297b99ed1874119c0eaf24ce5de47f85502	1000000	22b7228cba0d0c35ee5aef376cb36e21b29717043a50a0fe46e30c971b380e0b	1	6216b516ec3a8a9c24ca40a458fc2297b99ed1874119c0eaf24ce5de47f85502	runs/sparse-records-1000000-r04-o02-dumi-on/ready/command.txt	runs/sparse-records-1000000-r04-o02-dumi-on/ready/stdout.txt	runs/sparse-records-1000000-r04-o02-dumi-on/ready/stderr.txt	
sparse-records-1000000-r04-o03-dumi-off-raw	sparse	records-1000000	raw	dumi	off	4	3	0	8.937163980	35.28	1.92	416%	1454536	04a694611309dc09c12ad8e57e4bf5fed38a43786bb585da0d42b4c78d9247d6	1000000	22b7228cba0d0c35ee5aef376cb36e21b29717043a50a0fe46e30c971b380e0b	coordinate	12291557	c3c590717e84348e181e3d9197345cb3ebc80bcb3d96c7053d02bc300e35a04f	1	6216b516ec3a8a9c24ca40a458fc2297b99ed1874119c0eaf24ce5de47f85502	1000000	22b7228cba0d0c35ee5aef376cb36e21b29717043a50a0fe46e30c971b380e0b	1	6216b516ec3a8a9c24ca40a458fc2297b99ed1874119c0eaf24ce5de47f85502	runs/sparse-records-1000000-r04-o03-dumi-off/raw/command.txt	runs/sparse-records-1000000-r04-o03-dumi-off/raw/stdout.txt	runs/sparse-records-1000000-r04-o03-dumi-off/raw/stderr.txt	
sparse-records-1000000-r04-o03-dumi-off-ready	sparse	records-1000000	ready	dumi	off	4	3	0	0.134498452	0.12	0.00	99%	2048	04a694611309dc09c12ad8e57e4bf5fed38a43786bb585da0d42b4c78d9247d6	1000000	22b7228cba0d0c35ee5aef376cb36e21b29717043a50a0fe46e30c971b380e0b	coordinate	12291557	c3c590717e84348e181e3d9197345cb3ebc80bcb3d96c7053d02bc300e35a04f	1	6216b516ec3a8a9c24ca40a458fc2297b99ed1874119c0eaf24ce5de47f85502	1000000	22b7228cba0d0c35ee5aef376cb36e21b29717043a50a0fe46e30c971b380e0b	1	6216b516ec3a8a9c24ca40a458fc2297b99ed1874119c0eaf24ce5de47f85502	runs/sparse-records-1000000-r04-o03-dumi-off/ready/command.txt	runs/sparse-records-1000000-r04-o03-dumi-off/ready/stdout.txt	runs/sparse-records-1000000-r04-o03-dumi-off/ready/stderr.txt	
sparse-records-1000000-r04-o04-canonical-upstream-raw	sparse	records-1000000	raw	canonical-upstream	legacy	4	4	0	9.966176114	39.94	2.59	427%	1650488	04a694611309dc09c12ad8e57e4bf5fed38a43786bb585da0d42b4c78d9247d6	1000000	22b7228cba0d0c35ee5aef376cb36e21b29717043a50a0fe46e30c971b380e0b	coordinate	12291557	c3c590717e84348e181e3d9197345cb3ebc80bcb3d96c7053d02bc300e35a04f	1	6216b516ec3a8a9c24ca40a458fc2297b99ed1874119c0eaf24ce5de47f85502	1000000	22b7228cba0d0c35ee5aef376cb36e21b29717043a50a0fe46e30c971b380e0b	1	6216b516ec3a8a9c24ca40a458fc2297b99ed1874119c0eaf24ce5de47f85502	runs/sparse-records-1000000-r04-o04-canonical-upstream/raw/command.txt	runs/sparse-records-1000000-r04-o04-canonical-upstream/raw/stdout.txt	runs/sparse-records-1000000-r04-o04-canonical-upstream/raw/stderr.txt	
sparse-records-1000000-r04-o04-canonical-upstream-ready	sparse	records-1000000	ready	canonical-upstream	legacy	4	4	0	0.146114563	0.13	0.01	99%	2048	04a694611309dc09c12ad8e57e4bf5fed38a43786bb585da0d42b4c78d9247d6	1000000	22b7228cba0d0c35ee5aef376cb36e21b29717043a50a0fe46e30c971b380e0b	coordinate	12291557	c3c590717e84348e181e3d9197345cb3ebc80bcb3d96c7053d02bc300e35a04f	1	6216b516ec3a8a9c24ca40a458fc2297b99ed1874119c0eaf24ce5de47f85502	1000000	22b7228cba0d0c35ee5aef376cb36e21b29717043a50a0fe46e30c971b380e0b	1	6216b516ec3a8a9c24ca40a458fc2297b99ed1874119c0eaf24ce5de47f85502	runs/sparse-records-1000000-r04-o04-canonical-upstream/ready/command.txt	runs/sparse-records-1000000-r04-o04-canonical-upstream/ready/stdout.txt	runs/sparse-records-1000000-r04-o04-canonical-upstream/ready/stderr.txt	
sparse-records-1000000-r05-o01-dumi-on-raw	sparse	records-1000000	raw	dumi	on	5	1	0	3.491501014	4.94	0.37	152%	280436	04a694611309dc09c12ad8e57e4bf5fed38a43786bb585da0d42b4c78d9247d6	1000000	22b7228cba0d0c35ee5aef376cb36e21b29717043a50a0fe46e30c971b380e0b	unsorted	12291502	260987859468dfa0da316b8a4ba24e4a42697eb6a9a9668dae194ac3baebb5df	1	6216b516ec3a8a9c24ca40a458fc2297b99ed1874119c0eaf24ce5de47f85502	1000000	22b7228cba0d0c35ee5aef376cb36e21b29717043a50a0fe46e30c971b380e0b	1	6216b516ec3a8a9c24ca40a458fc2297b99ed1874119c0eaf24ce5de47f85502	runs/sparse-records-1000000-r05-o01-dumi-on/raw/command.txt	runs/sparse-records-1000000-r05-o01-dumi-on/raw/stdout.txt	runs/sparse-records-1000000-r05-o01-dumi-on/raw/stderr.txt	
sparse-records-1000000-r05-o01-dumi-on-ready	sparse	records-1000000	ready	dumi	on	5	1	0	1.615680970	1.39	0.20	99%	237568	04a694611309dc09c12ad8e57e4bf5fed38a43786bb585da0d42b4c78d9247d6	1000000	22b7228cba0d0c35ee5aef376cb36e21b29717043a50a0fe46e30c971b380e0b	coordinate	12154422	1e4ccf0f9fbf6006b2cd780429f3821fb33e137914bee046e2469c5760e5729e	1	6216b516ec3a8a9c24ca40a458fc2297b99ed1874119c0eaf24ce5de47f85502	1000000	22b7228cba0d0c35ee5aef376cb36e21b29717043a50a0fe46e30c971b380e0b	1	6216b516ec3a8a9c24ca40a458fc2297b99ed1874119c0eaf24ce5de47f85502	runs/sparse-records-1000000-r05-o01-dumi-on/ready/command.txt	runs/sparse-records-1000000-r05-o01-dumi-on/ready/stdout.txt	runs/sparse-records-1000000-r05-o01-dumi-on/ready/stderr.txt	
sparse-records-1000000-r05-o02-dumi-off-raw	sparse	records-1000000	raw	dumi	off	5	2	0	8.693369809	35.63	2.15	434%	1461088	04a694611309dc09c12ad8e57e4bf5fed38a43786bb585da0d42b4c78d9247d6	1000000	22b7228cba0d0c35ee5aef376cb36e21b29717043a50a0fe46e30c971b380e0b	coordinate	12291557	c3c590717e84348e181e3d9197345cb3ebc80bcb3d96c7053d02bc300e35a04f	1	6216b516ec3a8a9c24ca40a458fc2297b99ed1874119c0eaf24ce5de47f85502	1000000	22b7228cba0d0c35ee5aef376cb36e21b29717043a50a0fe46e30c971b380e0b	1	6216b516ec3a8a9c24ca40a458fc2297b99ed1874119c0eaf24ce5de47f85502	runs/sparse-records-1000000-r05-o02-dumi-off/raw/command.txt	runs/sparse-records-1000000-r05-o02-dumi-off/raw/stdout.txt	runs/sparse-records-1000000-r05-o02-dumi-off/raw/stderr.txt	
sparse-records-1000000-r05-o02-dumi-off-ready	sparse	records-1000000	ready	dumi	off	5	2	0	0.146659137	0.13	0.00	99%	2048	04a694611309dc09c12ad8e57e4bf5fed38a43786bb585da0d42b4c78d9247d6	1000000	22b7228cba0d0c35ee5aef376cb36e21b29717043a50a0fe46e30c971b380e0b	coordinate	12291557	c3c590717e84348e181e3d9197345cb3ebc80bcb3d96c7053d02bc300e35a04f	1	6216b516ec3a8a9c24ca40a458fc2297b99ed1874119c0eaf24ce5de47f85502	1000000	22b7228cba0d0c35ee5aef376cb36e21b29717043a50a0fe46e30c971b380e0b	1	6216b516ec3a8a9c24ca40a458fc2297b99ed1874119c0eaf24ce5de47f85502	runs/sparse-records-1000000-r05-o02-dumi-off/ready/command.txt	runs/sparse-records-1000000-r05-o02-dumi-off/ready/stdout.txt	runs/sparse-records-1000000-r05-o02-dumi-off/ready/stderr.txt	
sparse-records-1000000-r05-o03-canonical-upstream-raw	sparse	records-1000000	raw	canonical-upstream	legacy	5	3	0	9.363945682	34.10	2.19	387%	1649268	04a694611309dc09c12ad8e57e4bf5fed38a43786bb585da0d42b4c78d9247d6	1000000	22b7228cba0d0c35ee5aef376cb36e21b29717043a50a0fe46e30c971b380e0b	coordinate	12291557	c3c590717e84348e181e3d9197345cb3ebc80bcb3d96c7053d02bc300e35a04f	1	6216b516ec3a8a9c24ca40a458fc2297b99ed1874119c0eaf24ce5de47f85502	1000000	22b7228cba0d0c35ee5aef376cb36e21b29717043a50a0fe46e30c971b380e0b	1	6216b516ec3a8a9c24ca40a458fc2297b99ed1874119c0eaf24ce5de47f85502	runs/sparse-records-1000000-r05-o03-canonical-upstream/raw/command.txt	runs/sparse-records-1000000-r05-o03-canonical-upstream/raw/stdout.txt	runs/sparse-records-1000000-r05-o03-canonical-upstream/raw/stderr.txt	
sparse-records-1000000-r05-o03-canonical-upstream-ready	sparse	records-1000000	ready	canonical-upstream	legacy	5	3	0	0.138664933	0.12	0.00	99%	2048	04a694611309dc09c12ad8e57e4bf5fed38a43786bb585da0d42b4c78d9247d6	1000000	22b7228cba0d0c35ee5aef376cb36e21b29717043a50a0fe46e30c971b380e0b	coordinate	12291557	c3c590717e84348e181e3d9197345cb3ebc80bcb3d96c7053d02bc300e35a04f	1	6216b516ec3a8a9c24ca40a458fc2297b99ed1874119c0eaf24ce5de47f85502	1000000	22b7228cba0d0c35ee5aef376cb36e21b29717043a50a0fe46e30c971b380e0b	1	6216b516ec3a8a9c24ca40a458fc2297b99ed1874119c0eaf24ce5de47f85502	runs/sparse-records-1000000-r05-o03-canonical-upstream/ready/command.txt	runs/sparse-records-1000000-r05-o03-canonical-upstream/ready/stdout.txt	runs/sparse-records-1000000-r05-o03-canonical-upstream/ready/stderr.txt	
sparse-records-1000000-r05-o04-dumi-auto-raw	sparse	records-1000000	raw	dumi	auto	5	4	0	3.407796197	4.89	0.37	154%	292432	04a694611309dc09c12ad8e57e4bf5fed38a43786bb585da0d42b4c78d9247d6	1000000	22b7228cba0d0c35ee5aef376cb36e21b29717043a50a0fe46e30c971b380e0b	unsorted	12291502	260987859468dfa0da316b8a4ba24e4a42697eb6a9a9668dae194ac3baebb5df	1	6216b516ec3a8a9c24ca40a458fc2297b99ed1874119c0eaf24ce5de47f85502	1000000	22b7228cba0d0c35ee5aef376cb36e21b29717043a50a0fe46e30c971b380e0b	1	6216b516ec3a8a9c24ca40a458fc2297b99ed1874119c0eaf24ce5de47f85502	runs/sparse-records-1000000-r05-o04-dumi-auto/raw/command.txt	runs/sparse-records-1000000-r05-o04-dumi-auto/raw/stdout.txt	runs/sparse-records-1000000-r05-o04-dumi-auto/raw/stderr.txt	
sparse-records-1000000-r05-o04-dumi-auto-ready	sparse	records-1000000	ready	dumi	auto	5	4	0	1.604119172	1.39	0.19	99%	237568	04a694611309dc09c12ad8e57e4bf5fed38a43786bb585da0d42b4c78d9247d6	1000000	22b7228cba0d0c35ee5aef376cb36e21b29717043a50a0fe46e30c971b380e0b	coordinate	12154423	264eb2573440aecfb83151292aaf12fca3425ae2b24b8fc89fde914f9404f34c	1	6216b516ec3a8a9c24ca40a458fc2297b99ed1874119c0eaf24ce5de47f85502	1000000	22b7228cba0d0c35ee5aef376cb36e21b29717043a50a0fe46e30c971b380e0b	1	6216b516ec3a8a9c24ca40a458fc2297b99ed1874119c0eaf24ce5de47f85502	runs/sparse-records-1000000-r05-o04-dumi-auto/ready/command.txt	runs/sparse-records-1000000-r05-o04-dumi-auto/ready/stdout.txt	runs/sparse-records-1000000-r05-o04-dumi-auto/ready/stderr.txt	
sparse-records-1000000-r06-o01-dumi-off-raw	sparse	records-1000000	raw	dumi	off	6	1	0	8.398828019	32.35	1.99	409%	1430456	04a694611309dc09c12ad8e57e4bf5fed38a43786bb585da0d42b4c78d9247d6	1000000	22b7228cba0d0c35ee5aef376cb36e21b29717043a50a0fe46e30c971b380e0b	coordinate	12291557	c3c590717e84348e181e3d9197345cb3ebc80bcb3d96c7053d02bc300e35a04f	1	6216b516ec3a8a9c24ca40a458fc2297b99ed1874119c0eaf24ce5de47f85502	1000000	22b7228cba0d0c35ee5aef376cb36e21b29717043a50a0fe46e30c971b380e0b	1	6216b516ec3a8a9c24ca40a458fc2297b99ed1874119c0eaf24ce5de47f85502	runs/sparse-records-1000000-r06-o01-dumi-off/raw/command.txt	runs/sparse-records-1000000-r06-o01-dumi-off/raw/stdout.txt	runs/sparse-records-1000000-r06-o01-dumi-off/raw/stderr.txt	
sparse-records-1000000-r06-o01-dumi-off-ready	sparse	records-1000000	ready	dumi	off	6	1	0	0.134187557	0.11	0.01	98%	2048	04a694611309dc09c12ad8e57e4bf5fed38a43786bb585da0d42b4c78d9247d6	1000000	22b7228cba0d0c35ee5aef376cb36e21b29717043a50a0fe46e30c971b380e0b	coordinate	12291557	c3c590717e84348e181e3d9197345cb3ebc80bcb3d96c7053d02bc300e35a04f	1	6216b516ec3a8a9c24ca40a458fc2297b99ed1874119c0eaf24ce5de47f85502	1000000	22b7228cba0d0c35ee5aef376cb36e21b29717043a50a0fe46e30c971b380e0b	1	6216b516ec3a8a9c24ca40a458fc2297b99ed1874119c0eaf24ce5de47f85502	runs/sparse-records-1000000-r06-o01-dumi-off/ready/command.txt	runs/sparse-records-1000000-r06-o01-dumi-off/ready/stdout.txt	runs/sparse-records-1000000-r06-o01-dumi-off/ready/stderr.txt	
sparse-records-1000000-r06-o02-canonical-upstream-raw	sparse	records-1000000	raw	canonical-upstream	legacy	6	2	0	9.241495304	29.10	2.17	338%	1623224	04a694611309dc09c12ad8e57e4bf5fed38a43786bb585da0d42b4c78d9247d6	1000000	22b7228cba0d0c35ee5aef376cb36e21b29717043a50a0fe46e30c971b380e0b	coordinate	12291557	c3c590717e84348e181e3d9197345cb3ebc80bcb3d96c7053d02bc300e35a04f	1	6216b516ec3a8a9c24ca40a458fc2297b99ed1874119c0eaf24ce5de47f85502	1000000	22b7228cba0d0c35ee5aef376cb36e21b29717043a50a0fe46e30c971b380e0b	1	6216b516ec3a8a9c24ca40a458fc2297b99ed1874119c0eaf24ce5de47f85502	runs/sparse-records-1000000-r06-o02-canonical-upstream/raw/command.txt	runs/sparse-records-1000000-r06-o02-canonical-upstream/raw/stdout.txt	runs/sparse-records-1000000-r06-o02-canonical-upstream/raw/stderr.txt	
sparse-records-1000000-r06-o02-canonical-upstream-ready	sparse	records-1000000	ready	canonical-upstream	legacy	6	2	0	0.149538394	0.13	0.00	98%	2048	04a694611309dc09c12ad8e57e4bf5fed38a43786bb585da0d42b4c78d9247d6	1000000	22b7228cba0d0c35ee5aef376cb36e21b29717043a50a0fe46e30c971b380e0b	coordinate	12291557	c3c590717e84348e181e3d9197345cb3ebc80bcb3d96c7053d02bc300e35a04f	1	6216b516ec3a8a9c24ca40a458fc2297b99ed1874119c0eaf24ce5de47f85502	1000000	22b7228cba0d0c35ee5aef376cb36e21b29717043a50a0fe46e30c971b380e0b	1	6216b516ec3a8a9c24ca40a458fc2297b99ed1874119c0eaf24ce5de47f85502	runs/sparse-records-1000000-r06-o02-canonical-upstream/ready/command.txt	runs/sparse-records-1000000-r06-o02-canonical-upstream/ready/stdout.txt	runs/sparse-records-1000000-r06-o02-canonical-upstream/ready/stderr.txt	
sparse-records-1000000-r06-o03-dumi-auto-raw	sparse	records-1000000	raw	dumi	auto	6	3	0	3.364385596	4.86	0.32	154%	262540	04a694611309dc09c12ad8e57e4bf5fed38a43786bb585da0d42b4c78d9247d6	1000000	22b7228cba0d0c35ee5aef376cb36e21b29717043a50a0fe46e30c971b380e0b	unsorted	12291502	260987859468dfa0da316b8a4ba24e4a42697eb6a9a9668dae194ac3baebb5df	1	6216b516ec3a8a9c24ca40a458fc2297b99ed1874119c0eaf24ce5de47f85502	1000000	22b7228cba0d0c35ee5aef376cb36e21b29717043a50a0fe46e30c971b380e0b	1	6216b516ec3a8a9c24ca40a458fc2297b99ed1874119c0eaf24ce5de47f85502	runs/sparse-records-1000000-r06-o03-dumi-auto/raw/command.txt	runs/sparse-records-1000000-r06-o03-dumi-auto/raw/stdout.txt	runs/sparse-records-1000000-r06-o03-dumi-auto/raw/stderr.txt	
sparse-records-1000000-r06-o03-dumi-auto-ready	sparse	records-1000000	ready	dumi	auto	6	3	0	1.611575394	1.39	0.20	99%	237568	04a694611309dc09c12ad8e57e4bf5fed38a43786bb585da0d42b4c78d9247d6	1000000	22b7228cba0d0c35ee5aef376cb36e21b29717043a50a0fe46e30c971b380e0b	coordinate	12154423	5f8fe267b144c17e18df15af21ba789b1dad54dd5c44a3c628d1a1c7033b2b96	1	6216b516ec3a8a9c24ca40a458fc2297b99ed1874119c0eaf24ce5de47f85502	1000000	22b7228cba0d0c35ee5aef376cb36e21b29717043a50a0fe46e30c971b380e0b	1	6216b516ec3a8a9c24ca40a458fc2297b99ed1874119c0eaf24ce5de47f85502	runs/sparse-records-1000000-r06-o03-dumi-auto/ready/command.txt	runs/sparse-records-1000000-r06-o03-dumi-auto/ready/stdout.txt	runs/sparse-records-1000000-r06-o03-dumi-auto/ready/stderr.txt	
sparse-records-1000000-r06-o04-dumi-on-raw	sparse	records-1000000	raw	dumi	on	6	4	0	3.424557481	4.76	0.33	149%	264192	04a694611309dc09c12ad8e57e4bf5fed38a43786bb585da0d42b4c78d9247d6	1000000	22b7228cba0d0c35ee5aef376cb36e21b29717043a50a0fe46e30c971b380e0b	unsorted	12291502	260987859468dfa0da316b8a4ba24e4a42697eb6a9a9668dae194ac3baebb5df	1	6216b516ec3a8a9c24ca40a458fc2297b99ed1874119c0eaf24ce5de47f85502	1000000	22b7228cba0d0c35ee5aef376cb36e21b29717043a50a0fe46e30c971b380e0b	1	6216b516ec3a8a9c24ca40a458fc2297b99ed1874119c0eaf24ce5de47f85502	runs/sparse-records-1000000-r06-o04-dumi-on/raw/command.txt	runs/sparse-records-1000000-r06-o04-dumi-on/raw/stdout.txt	runs/sparse-records-1000000-r06-o04-dumi-on/raw/stderr.txt	
sparse-records-1000000-r06-o04-dumi-on-ready	sparse	records-1000000	ready	dumi	on	6	4	0	1.607540295	1.39	0.19	99%	237568	04a694611309dc09c12ad8e57e4bf5fed38a43786bb585da0d42b4c78d9247d6	1000000	22b7228cba0d0c35ee5aef376cb36e21b29717043a50a0fe46e30c971b380e0b	coordinate	12154423	4796c2a4de1f45473558968f5f418c659cd89ce10b1fb95cec8a548ba94b6c99	1	6216b516ec3a8a9c24ca40a458fc2297b99ed1874119c0eaf24ce5de47f85502	1000000	22b7228cba0d0c35ee5aef376cb36e21b29717043a50a0fe46e30c971b380e0b	1	6216b516ec3a8a9c24ca40a458fc2297b99ed1874119c0eaf24ce5de47f85502	runs/sparse-records-1000000-r06-o04-dumi-on/ready/command.txt	runs/sparse-records-1000000-r06-o04-dumi-on/ready/stdout.txt	runs/sparse-records-1000000-r06-o04-dumi-on/ready/stderr.txt	
sparse-records-1000000-r07-o01-canonical-upstream-raw	sparse	records-1000000	raw	canonical-upstream	legacy	7	1	0	9.111984061	28.82	2.32	341%	1667680	04a694611309dc09c12ad8e57e4bf5fed38a43786bb585da0d42b4c78d9247d6	1000000	22b7228cba0d0c35ee5aef376cb36e21b29717043a50a0fe46e30c971b380e0b	coordinate	12291557	c3c590717e84348e181e3d9197345cb3ebc80bcb3d96c7053d02bc300e35a04f	1	6216b516ec3a8a9c24ca40a458fc2297b99ed1874119c0eaf24ce5de47f85502	1000000	22b7228cba0d0c35ee5aef376cb36e21b29717043a50a0fe46e30c971b380e0b	1	6216b516ec3a8a9c24ca40a458fc2297b99ed1874119c0eaf24ce5de47f85502	runs/sparse-records-1000000-r07-o01-canonical-upstream/raw/command.txt	runs/sparse-records-1000000-r07-o01-canonical-upstream/raw/stdout.txt	runs/sparse-records-1000000-r07-o01-canonical-upstream/raw/stderr.txt	
sparse-records-1000000-r07-o01-canonical-upstream-ready	sparse	records-1000000	ready	canonical-upstream	legacy	7	1	0	0.133301576	0.12	0.00	99%	2048	04a694611309dc09c12ad8e57e4bf5fed38a43786bb585da0d42b4c78d9247d6	1000000	22b7228cba0d0c35ee5aef376cb36e21b29717043a50a0fe46e30c971b380e0b	coordinate	12291557	c3c590717e84348e181e3d9197345cb3ebc80bcb3d96c7053d02bc300e35a04f	1	6216b516ec3a8a9c24ca40a458fc2297b99ed1874119c0eaf24ce5de47f85502	1000000	22b7228cba0d0c35ee5aef376cb36e21b29717043a50a0fe46e30c971b380e0b	1	6216b516ec3a8a9c24ca40a458fc2297b99ed1874119c0eaf24ce5de47f85502	runs/sparse-records-1000000-r07-o01-canonical-upstream/ready/command.txt	runs/sparse-records-1000000-r07-o01-canonical-upstream/ready/stdout.txt	runs/sparse-records-1000000-r07-o01-canonical-upstream/ready/stderr.txt	
sparse-records-1000000-r07-o02-dumi-auto-raw	sparse	records-1000000	raw	dumi	auto	7	2	0	3.341068310	4.70	0.31	150%	247208	04a694611309dc09c12ad8e57e4bf5fed38a43786bb585da0d42b4c78d9247d6	1000000	22b7228cba0d0c35ee5aef376cb36e21b29717043a50a0fe46e30c971b380e0b	unsorted	12291502	260987859468dfa0da316b8a4ba24e4a42697eb6a9a9668dae194ac3baebb5df	1	6216b516ec3a8a9c24ca40a458fc2297b99ed1874119c0eaf24ce5de47f85502	1000000	22b7228cba0d0c35ee5aef376cb36e21b29717043a50a0fe46e30c971b380e0b	1	6216b516ec3a8a9c24ca40a458fc2297b99ed1874119c0eaf24ce5de47f85502	runs/sparse-records-1000000-r07-o02-dumi-auto/raw/command.txt	runs/sparse-records-1000000-r07-o02-dumi-auto/raw/stdout.txt	runs/sparse-records-1000000-r07-o02-dumi-auto/raw/stderr.txt	
sparse-records-1000000-r07-o02-dumi-auto-ready	sparse	records-1000000	ready	dumi	auto	7	2	0	1.591421486	1.37	0.20	99%	237568	04a694611309dc09c12ad8e57e4bf5fed38a43786bb585da0d42b4c78d9247d6	1000000	22b7228cba0d0c35ee5aef376cb36e21b29717043a50a0fe46e30c971b380e0b	coordinate	12154423	589ed4317ccf77ae83c24f0b0a89cab2808a5f32534d8d51b3d9fbfead357194	1	6216b516ec3a8a9c24ca40a458fc2297b99ed1874119c0eaf24ce5de47f85502	1000000	22b7228cba0d0c35ee5aef376cb36e21b29717043a50a0fe46e30c971b380e0b	1	6216b516ec3a8a9c24ca40a458fc2297b99ed1874119c0eaf24ce5de47f85502	runs/sparse-records-1000000-r07-o02-dumi-auto/ready/command.txt	runs/sparse-records-1000000-r07-o02-dumi-auto/ready/stdout.txt	runs/sparse-records-1000000-r07-o02-dumi-auto/ready/stderr.txt	
sparse-records-1000000-r07-o03-dumi-on-raw	sparse	records-1000000	raw	dumi	on	7	3	0	3.430413627	4.89	0.39	154%	291324	04a694611309dc09c12ad8e57e4bf5fed38a43786bb585da0d42b4c78d9247d6	1000000	22b7228cba0d0c35ee5aef376cb36e21b29717043a50a0fe46e30c971b380e0b	unsorted	12291502	260987859468dfa0da316b8a4ba24e4a42697eb6a9a9668dae194ac3baebb5df	1	6216b516ec3a8a9c24ca40a458fc2297b99ed1874119c0eaf24ce5de47f85502	1000000	22b7228cba0d0c35ee5aef376cb36e21b29717043a50a0fe46e30c971b380e0b	1	6216b516ec3a8a9c24ca40a458fc2297b99ed1874119c0eaf24ce5de47f85502	runs/sparse-records-1000000-r07-o03-dumi-on/raw/command.txt	runs/sparse-records-1000000-r07-o03-dumi-on/raw/stdout.txt	runs/sparse-records-1000000-r07-o03-dumi-on/raw/stderr.txt	
sparse-records-1000000-r07-o03-dumi-on-ready	sparse	records-1000000	ready	dumi	on	7	3	0	1.618937152	1.41	0.19	99%	237568	04a694611309dc09c12ad8e57e4bf5fed38a43786bb585da0d42b4c78d9247d6	1000000	22b7228cba0d0c35ee5aef376cb36e21b29717043a50a0fe46e30c971b380e0b	coordinate	12154423	de783bb4e8ff05acf1266d8f498b04c10a02c27338498ce02825ac5e80c809ac	1	6216b516ec3a8a9c24ca40a458fc2297b99ed1874119c0eaf24ce5de47f85502	1000000	22b7228cba0d0c35ee5aef376cb36e21b29717043a50a0fe46e30c971b380e0b	1	6216b516ec3a8a9c24ca40a458fc2297b99ed1874119c0eaf24ce5de47f85502	runs/sparse-records-1000000-r07-o03-dumi-on/ready/command.txt	runs/sparse-records-1000000-r07-o03-dumi-on/ready/stdout.txt	runs/sparse-records-1000000-r07-o03-dumi-on/ready/stderr.txt	
sparse-records-1000000-r07-o04-dumi-off-raw	sparse	records-1000000	raw	dumi	off	7	4	0	8.392166215	28.48	2.41	368%	1416788	04a694611309dc09c12ad8e57e4bf5fed38a43786bb585da0d42b4c78d9247d6	1000000	22b7228cba0d0c35ee5aef376cb36e21b29717043a50a0fe46e30c971b380e0b	coordinate	12291557	c3c590717e84348e181e3d9197345cb3ebc80bcb3d96c7053d02bc300e35a04f	1	6216b516ec3a8a9c24ca40a458fc2297b99ed1874119c0eaf24ce5de47f85502	1000000	22b7228cba0d0c35ee5aef376cb36e21b29717043a50a0fe46e30c971b380e0b	1	6216b516ec3a8a9c24ca40a458fc2297b99ed1874119c0eaf24ce5de47f85502	runs/sparse-records-1000000-r07-o04-dumi-off/raw/command.txt	runs/sparse-records-1000000-r07-o04-dumi-off/raw/stdout.txt	runs/sparse-records-1000000-r07-o04-dumi-off/raw/stderr.txt	
sparse-records-1000000-r07-o04-dumi-off-ready	sparse	records-1000000	ready	dumi	off	7	4	0	0.147431112	0.14	0.00	99%	2048	04a694611309dc09c12ad8e57e4bf5fed38a43786bb585da0d42b4c78d9247d6	1000000	22b7228cba0d0c35ee5aef376cb36e21b29717043a50a0fe46e30c971b380e0b	coordinate	12291557	c3c590717e84348e181e3d9197345cb3ebc80bcb3d96c7053d02bc300e35a04f	1	6216b516ec3a8a9c24ca40a458fc2297b99ed1874119c0eaf24ce5de47f85502	1000000	22b7228cba0d0c35ee5aef376cb36e21b29717043a50a0fe46e30c971b380e0b	1	6216b516ec3a8a9c24ca40a458fc2297b99ed1874119c0eaf24ce5de47f85502	runs/sparse-records-1000000-r07-o04-dumi-off/ready/command.txt	runs/sparse-records-1000000-r07-o04-dumi-off/ready/stdout.txt	runs/sparse-records-1000000-r07-o04-dumi-off/ready/stderr.txt	
moderate-groups-4096-families-16-r01-o01-dumi-on-raw	moderate	groups-4096-families-16	raw	dumi	on	1	1	0	2.100229029	5.36	0.55	282%	429032	caa43446c48f6408806377b70168cd7e990ba0872b24bc72b657d5181ef59909	65536	8471d526f9930e2373263bb83a678f6800fe67e60ab4ab6497f56df2c423a864	unsorted	700897	49852aa862b1b4b0808911b746f34907f849b953ee2368c93cc7972890a402d7	1	dfd74c709c02c3d1723dd2727760b7cf74a166e9ec1f671a7f41bb529aa5e430	65536	8471d526f9930e2373263bb83a678f6800fe67e60ab4ab6497f56df2c423a864	1	dfd74c709c02c3d1723dd2727760b7cf74a166e9ec1f671a7f41bb529aa5e430	runs/moderate-groups-4096-families-16-r01-o01-dumi-on/raw/command.txt	runs/moderate-groups-4096-families-16-r01-o01-dumi-on/raw/stdout.txt	runs/moderate-groups-4096-families-16-r01-o01-dumi-on/raw/stderr.txt	
moderate-groups-4096-families-16-r01-o01-dumi-on-ready	moderate	groups-4096-families-16	ready	dumi	on	1	1	0	0.137328320	0.10	0.02	98%	18432	caa43446c48f6408806377b70168cd7e990ba0872b24bc72b657d5181ef59909	65536	8471d526f9930e2373263bb83a678f6800fe67e60ab4ab6497f56df2c423a864	coordinate	679952	71a45e185820336b2f8920c40dd099040b01c73d21f98eb31d8d799a09f0c63d	1	dfd74c709c02c3d1723dd2727760b7cf74a166e9ec1f671a7f41bb529aa5e430	65536	8471d526f9930e2373263bb83a678f6800fe67e60ab4ab6497f56df2c423a864	1	dfd74c709c02c3d1723dd2727760b7cf74a166e9ec1f671a7f41bb529aa5e430	runs/moderate-groups-4096-families-16-r01-o01-dumi-on/ready/command.txt	runs/moderate-groups-4096-families-16-r01-o01-dumi-on/ready/stdout.txt	runs/moderate-groups-4096-families-16-r01-o01-dumi-on/ready/stderr.txt	
moderate-groups-4096-families-16-r01-o02-dumi-auto-raw	moderate	groups-4096-families-16	raw	dumi	auto	1	2	0	2.113606448	5.73	0.55	297%	428804	caa43446c48f6408806377b70168cd7e990ba0872b24bc72b657d5181ef59909	65536	8471d526f9930e2373263bb83a678f6800fe67e60ab4ab6497f56df2c423a864	unsorted	700897	49852aa862b1b4b0808911b746f34907f849b953ee2368c93cc7972890a402d7	1	dfd74c709c02c3d1723dd2727760b7cf74a166e9ec1f671a7f41bb529aa5e430	65536	8471d526f9930e2373263bb83a678f6800fe67e60ab4ab6497f56df2c423a864	1	dfd74c709c02c3d1723dd2727760b7cf74a166e9ec1f671a7f41bb529aa5e430	runs/moderate-groups-4096-families-16-r01-o02-dumi-auto/raw/command.txt	runs/moderate-groups-4096-families-16-r01-o02-dumi-auto/raw/stdout.txt	runs/moderate-groups-4096-families-16-r01-o02-dumi-auto/raw/stderr.txt	
moderate-groups-4096-families-16-r01-o02-dumi-auto-ready	moderate	groups-4096-families-16	ready	dumi	auto	1	2	0	0.139973638	0.10	0.02	97%	18432	caa43446c48f6408806377b70168cd7e990ba0872b24bc72b657d5181ef59909	65536	8471d526f9930e2373263bb83a678f6800fe67e60ab4ab6497f56df2c423a864	coordinate	679954	a69ebb40ae1403e3f2e8901c127402b2e3c6977bce2b38f65fe1fc2453bae2aa	1	dfd74c709c02c3d1723dd2727760b7cf74a166e9ec1f671a7f41bb529aa5e430	65536	8471d526f9930e2373263bb83a678f6800fe67e60ab4ab6497f56df2c423a864	1	dfd74c709c02c3d1723dd2727760b7cf74a166e9ec1f671a7f41bb529aa5e430	runs/moderate-groups-4096-families-16-r01-o02-dumi-auto/ready/command.txt	runs/moderate-groups-4096-families-16-r01-o02-dumi-auto/ready/stdout.txt	runs/moderate-groups-4096-families-16-r01-o02-dumi-auto/ready/stderr.txt	
moderate-groups-4096-families-16-r01-o03-canonical-upstream-raw	moderate	groups-4096-families-16	raw	canonical-upstream	legacy	1	3	0	3.198949343	10.51	0.71	351%	553532	caa43446c48f6408806377b70168cd7e990ba0872b24bc72b657d5181ef59909	65536	8471d526f9930e2373263bb83a678f6800fe67e60ab4ab6497f56df2c423a864	coordinate	700359	e7d344f8aed4eb2b9b545567842c544f312d48fa1decdff62952a66acd2035d1	1	dfd74c709c02c3d1723dd2727760b7cf74a166e9ec1f671a7f41bb529aa5e430	65536	8471d526f9930e2373263bb83a678f6800fe67e60ab4ab6497f56df2c423a864	1	dfd74c709c02c3d1723dd2727760b7cf74a166e9ec1f671a7f41bb529aa5e430	runs/moderate-groups-4096-families-16-r01-o03-canonical-upstream/raw/command.txt	runs/moderate-groups-4096-families-16-r01-o03-canonical-upstream/raw/stdout.txt	runs/moderate-groups-4096-families-16-r01-o03-canonical-upstream/raw/stderr.txt	
moderate-groups-4096-families-16-r01-o03-canonical-upstream-ready	moderate	groups-4096-families-16	ready	canonical-upstream	legacy	1	3	0	0.023143172	0.01	0.00	90%	2048	caa43446c48f6408806377b70168cd7e990ba0872b24bc72b657d5181ef59909	65536	8471d526f9930e2373263bb83a678f6800fe67e60ab4ab6497f56df2c423a864	coordinate	700359	e7d344f8aed4eb2b9b545567842c544f312d48fa1decdff62952a66acd2035d1	1	dfd74c709c02c3d1723dd2727760b7cf74a166e9ec1f671a7f41bb529aa5e430	65536	8471d526f9930e2373263bb83a678f6800fe67e60ab4ab6497f56df2c423a864	1	dfd74c709c02c3d1723dd2727760b7cf74a166e9ec1f671a7f41bb529aa5e430	runs/moderate-groups-4096-families-16-r01-o03-canonical-upstream/ready/command.txt	runs/moderate-groups-4096-families-16-r01-o03-canonical-upstream/ready/stdout.txt	runs/moderate-groups-4096-families-16-r01-o03-canonical-upstream/ready/stderr.txt	
moderate-groups-4096-families-16-r01-o04-dumi-off-raw	moderate	groups-4096-families-16	raw	dumi	off	1	4	0	2.738126914	9.86	0.73	387%	450000	caa43446c48f6408806377b70168cd7e990ba0872b24bc72b657d5181ef59909	65536	8471d526f9930e2373263bb83a678f6800fe67e60ab4ab6497f56df2c423a864	coordinate	700359	e7d344f8aed4eb2b9b545567842c544f312d48fa1decdff62952a66acd2035d1	1	dfd74c709c02c3d1723dd2727760b7cf74a166e9ec1f671a7f41bb529aa5e430	65536	8471d526f9930e2373263bb83a678f6800fe67e60ab4ab6497f56df2c423a864	1	dfd74c709c02c3d1723dd2727760b7cf74a166e9ec1f671a7f41bb529aa5e430	runs/moderate-groups-4096-families-16-r01-o04-dumi-off/raw/command.txt	runs/moderate-groups-4096-families-16-r01-o04-dumi-off/raw/stdout.txt	runs/moderate-groups-4096-families-16-r01-o04-dumi-off/raw/stderr.txt	
moderate-groups-4096-families-16-r01-o04-dumi-off-ready	moderate	groups-4096-families-16	ready	dumi	off	1	4	0	0.015299443	0.00	0.00	75%	2048	caa43446c48f6408806377b70168cd7e990ba0872b24bc72b657d5181ef59909	65536	8471d526f9930e2373263bb83a678f6800fe67e60ab4ab6497f56df2c423a864	coordinate	700359	e7d344f8aed4eb2b9b545567842c544f312d48fa1decdff62952a66acd2035d1	1	dfd74c709c02c3d1723dd2727760b7cf74a166e9ec1f671a7f41bb529aa5e430	65536	8471d526f9930e2373263bb83a678f6800fe67e60ab4ab6497f56df2c423a864	1	dfd74c709c02c3d1723dd2727760b7cf74a166e9ec1f671a7f41bb529aa5e430	runs/moderate-groups-4096-families-16-r01-o04-dumi-off/ready/command.txt	runs/moderate-groups-4096-families-16-r01-o04-dumi-off/ready/stdout.txt	runs/moderate-groups-4096-families-16-r01-o04-dumi-off/ready/stderr.txt	
moderate-groups-4096-families-16-r02-o01-dumi-auto-raw	moderate	groups-4096-families-16	raw	dumi	auto	2	1	0	2.257310177	5.55	0.61	273%	436856	caa43446c48f6408806377b70168cd7e990ba0872b24bc72b657d5181ef59909	65536	8471d526f9930e2373263bb83a678f6800fe67e60ab4ab6497f56df2c423a864	unsorted	700897	49852aa862b1b4b0808911b746f34907f849b953ee2368c93cc7972890a402d7	1	dfd74c709c02c3d1723dd2727760b7cf74a166e9ec1f671a7f41bb529aa5e430	65536	8471d526f9930e2373263bb83a678f6800fe67e60ab4ab6497f56df2c423a864	1	dfd74c709c02c3d1723dd2727760b7cf74a166e9ec1f671a7f41bb529aa5e430	runs/moderate-groups-4096-families-16-r02-o01-dumi-auto/raw/command.txt	runs/moderate-groups-4096-families-16-r02-o01-dumi-auto/raw/stdout.txt	runs/moderate-groups-4096-families-16-r02-o01-dumi-auto/raw/stderr.txt	
moderate-groups-4096-families-16-r02-o01-dumi-auto-ready	moderate	groups-4096-families-16	ready	dumi	auto	2	1	0	0.143578693	0.10	0.03	97%	18432	caa43446c48f6408806377b70168cd7e990ba0872b24bc72b657d5181ef59909	65536	8471d526f9930e2373263bb83a678f6800fe67e60ab4ab6497f56df2c423a864	coordinate	679954	9f53cd5fe3e431a62417aabf79a30ff86c91f89d7bf5b2b0ed562daac1043ff1	1	dfd74c709c02c3d1723dd2727760b7cf74a166e9ec1f671a7f41bb529aa5e430	65536	8471d526f9930e2373263bb83a678f6800fe67e60ab4ab6497f56df2c423a864	1	dfd74c709c02c3d1723dd2727760b7cf74a166e9ec1f671a7f41bb529aa5e430	runs/moderate-groups-4096-families-16-r02-o01-dumi-auto/ready/command.txt	runs/moderate-groups-4096-families-16-r02-o01-dumi-auto/ready/stdout.txt	runs/moderate-groups-4096-families-16-r02-o01-dumi-auto/ready/stderr.txt	
moderate-groups-4096-families-16-r02-o02-canonical-upstream-raw	moderate	groups-4096-families-16	raw	canonical-upstream	legacy	2	2	0	3.309393728	10.47	0.71	338%	569800	caa43446c48f6408806377b70168cd7e990ba0872b24bc72b657d5181ef59909	65536	8471d526f9930e2373263bb83a678f6800fe67e60ab4ab6497f56df2c423a864	coordinate	700359	e7d344f8aed4eb2b9b545567842c544f312d48fa1decdff62952a66acd2035d1	1	dfd74c709c02c3d1723dd2727760b7cf74a166e9ec1f671a7f41bb529aa5e430	65536	8471d526f9930e2373263bb83a678f6800fe67e60ab4ab6497f56df2c423a864	1	dfd74c709c02c3d1723dd2727760b7cf74a166e9ec1f671a7f41bb529aa5e430	runs/moderate-groups-4096-families-16-r02-o02-canonical-upstream/raw/command.txt	runs/moderate-groups-4096-families-16-r02-o02-canonical-upstream/raw/stdout.txt	runs/moderate-groups-4096-families-16-r02-o02-canonical-upstream/raw/stderr.txt	
moderate-groups-4096-families-16-r02-o02-canonical-upstream-ready	moderate	groups-4096-families-16	ready	canonical-upstream	legacy	2	2	0	0.013707955	0.00	0.00	90%	2048	caa43446c48f6408806377b70168cd7e990ba0872b24bc72b657d5181ef59909	65536	8471d526f9930e2373263bb83a678f6800fe67e60ab4ab6497f56df2c423a864	coordinate	700359	e7d344f8aed4eb2b9b545567842c544f312d48fa1decdff62952a66acd2035d1	1	dfd74c709c02c3d1723dd2727760b7cf74a166e9ec1f671a7f41bb529aa5e430	65536	8471d526f9930e2373263bb83a678f6800fe67e60ab4ab6497f56df2c423a864	1	dfd74c709c02c3d1723dd2727760b7cf74a166e9ec1f671a7f41bb529aa5e430	runs/moderate-groups-4096-families-16-r02-o02-canonical-upstream/ready/command.txt	runs/moderate-groups-4096-families-16-r02-o02-canonical-upstream/ready/stdout.txt	runs/moderate-groups-4096-families-16-r02-o02-canonical-upstream/ready/stderr.txt	
moderate-groups-4096-families-16-r02-o03-dumi-off-raw	moderate	groups-4096-families-16	raw	dumi	off	2	3	0	2.438187375	7.73	0.60	342%	417748	caa43446c48f6408806377b70168cd7e990ba0872b24bc72b657d5181ef59909	65536	8471d526f9930e2373263bb83a678f6800fe67e60ab4ab6497f56df2c423a864	coordinate	700359	e7d344f8aed4eb2b9b545567842c544f312d48fa1decdff62952a66acd2035d1	1	dfd74c709c02c3d1723dd2727760b7cf74a166e9ec1f671a7f41bb529aa5e430	65536	8471d526f9930e2373263bb83a678f6800fe67e60ab4ab6497f56df2c423a864	1	dfd74c709c02c3d1723dd2727760b7cf74a166e9ec1f671a7f41bb529aa5e430	runs/moderate-groups-4096-families-16-r02-o03-dumi-off/raw/command.txt	runs/moderate-groups-4096-families-16-r02-o03-dumi-off/raw/stdout.txt	runs/moderate-groups-4096-families-16-r02-o03-dumi-off/raw/stderr.txt	
moderate-groups-4096-families-16-r02-o03-dumi-off-ready	moderate	groups-4096-families-16	ready	dumi	off	2	3	0	0.024381891	0.01	0.00	90%	2048	caa43446c48f6408806377b70168cd7e990ba0872b24bc72b657d5181ef59909	65536	8471d526f9930e2373263bb83a678f6800fe67e60ab4ab6497f56df2c423a864	coordinate	700359	e7d344f8aed4eb2b9b545567842c544f312d48fa1decdff62952a66acd2035d1	1	dfd74c709c02c3d1723dd2727760b7cf74a166e9ec1f671a7f41bb529aa5e430	65536	8471d526f9930e2373263bb83a678f6800fe67e60ab4ab6497f56df2c423a864	1	dfd74c709c02c3d1723dd2727760b7cf74a166e9ec1f671a7f41bb529aa5e430	runs/moderate-groups-4096-families-16-r02-o03-dumi-off/ready/command.txt	runs/moderate-groups-4096-families-16-r02-o03-dumi-off/ready/stdout.txt	runs/moderate-groups-4096-families-16-r02-o03-dumi-off/ready/stderr.txt	
moderate-groups-4096-families-16-r02-o04-dumi-on-raw	moderate	groups-4096-families-16	raw	dumi	on	2	4	0	2.162001134	5.74	0.57	292%	421888	caa43446c48f6408806377b70168cd7e990ba0872b24bc72b657d5181ef59909	65536	8471d526f9930e2373263bb83a678f6800fe67e60ab4ab6497f56df2c423a864	unsorted	700897	49852aa862b1b4b0808911b746f34907f849b953ee2368c93cc7972890a402d7	1	dfd74c709c02c3d1723dd2727760b7cf74a166e9ec1f671a7f41bb529aa5e430	65536	8471d526f9930e2373263bb83a678f6800fe67e60ab4ab6497f56df2c423a864	1	dfd74c709c02c3d1723dd2727760b7cf74a166e9ec1f671a7f41bb529aa5e430	runs/moderate-groups-4096-families-16-r02-o04-dumi-on/raw/command.txt	runs/moderate-groups-4096-families-16-r02-o04-dumi-on/raw/stdout.txt	runs/moderate-groups-4096-families-16-r02-o04-dumi-on/raw/stderr.txt	
moderate-groups-4096-families-16-r02-o04-dumi-on-ready	moderate	groups-4096-families-16	ready	dumi	on	2	4	0	0.139928602	0.10	0.03	97%	18432	caa43446c48f6408806377b70168cd7e990ba0872b24bc72b657d5181ef59909	65536	8471d526f9930e2373263bb83a678f6800fe67e60ab4ab6497f56df2c423a864	coordinate	679953	b66906a5a8147b380d43f0c540ccfcd62b933eae5479fcf9b4dc69353725ff0b	1	dfd74c709c02c3d1723dd2727760b7cf74a166e9ec1f671a7f41bb529aa5e430	65536	8471d526f9930e2373263bb83a678f6800fe67e60ab4ab6497f56df2c423a864	1	dfd74c709c02c3d1723dd2727760b7cf74a166e9ec1f671a7f41bb529aa5e430	runs/moderate-groups-4096-families-16-r02-o04-dumi-on/ready/command.txt	runs/moderate-groups-4096-families-16-r02-o04-dumi-on/ready/stdout.txt	runs/moderate-groups-4096-families-16-r02-o04-dumi-on/ready/stderr.txt	
moderate-groups-4096-families-16-r03-o01-dumi-auto-raw	moderate	groups-4096-families-16	raw	dumi	auto	3	1	0	2.213437757	5.60	0.60	280%	431464	caa43446c48f6408806377b70168cd7e990ba0872b24bc72b657d5181ef59909	65536	8471d526f9930e2373263bb83a678f6800fe67e60ab4ab6497f56df2c423a864	unsorted	700897	49852aa862b1b4b0808911b746f34907f849b953ee2368c93cc7972890a402d7	1	dfd74c709c02c3d1723dd2727760b7cf74a166e9ec1f671a7f41bb529aa5e430	65536	8471d526f9930e2373263bb83a678f6800fe67e60ab4ab6497f56df2c423a864	1	dfd74c709c02c3d1723dd2727760b7cf74a166e9ec1f671a7f41bb529aa5e430	runs/moderate-groups-4096-families-16-r03-o01-dumi-auto/raw/command.txt	runs/moderate-groups-4096-families-16-r03-o01-dumi-auto/raw/stdout.txt	runs/moderate-groups-4096-families-16-r03-o01-dumi-auto/raw/stderr.txt	
moderate-groups-4096-families-16-r03-o01-dumi-auto-ready	moderate	groups-4096-families-16	ready	dumi	auto	3	1	0	0.133621454	0.10	0.02	97%	16384	caa43446c48f6408806377b70168cd7e990ba0872b24bc72b657d5181ef59909	65536	8471d526f9930e2373263bb83a678f6800fe67e60ab4ab6497f56df2c423a864	coordinate	679954	18e00ce75ab9cf99cb8682709b68b31632f4746a49b6ce6aa72a7c443c20834a	1	dfd74c709c02c3d1723dd2727760b7cf74a166e9ec1f671a7f41bb529aa5e430	65536	8471d526f9930e2373263bb83a678f6800fe67e60ab4ab6497f56df2c423a864	1	dfd74c709c02c3d1723dd2727760b7cf74a166e9ec1f671a7f41bb529aa5e430	runs/moderate-groups-4096-families-16-r03-o01-dumi-auto/ready/command.txt	runs/moderate-groups-4096-families-16-r03-o01-dumi-auto/ready/stdout.txt	runs/moderate-groups-4096-families-16-r03-o01-dumi-auto/ready/stderr.txt	
moderate-groups-4096-families-16-r03-o02-dumi-on-raw	moderate	groups-4096-families-16	raw	dumi	on	3	2	0	2.065332331	5.10	0.53	273%	427496	caa43446c48f6408806377b70168cd7e990ba0872b24bc72b657d5181ef59909	65536	8471d526f9930e2373263bb83a678f6800fe67e60ab4ab6497f56df2c423a864	unsorted	700897	49852aa862b1b4b0808911b746f34907f849b953ee2368c93cc7972890a402d7	1	dfd74c709c02c3d1723dd2727760b7cf74a166e9ec1f671a7f41bb529aa5e430	65536	8471d526f9930e2373263bb83a678f6800fe67e60ab4ab6497f56df2c423a864	1	dfd74c709c02c3d1723dd2727760b7cf74a166e9ec1f671a7f41bb529aa5e430	runs/moderate-groups-4096-families-16-r03-o02-dumi-on/raw/command.txt	runs/moderate-groups-4096-families-16-r03-o02-dumi-on/raw/stdout.txt	runs/moderate-groups-4096-families-16-r03-o02-dumi-on/raw/stderr.txt	
moderate-groups-4096-families-16-r03-o02-dumi-on-ready	moderate	groups-4096-families-16	ready	dumi	on	3	2	0	0.138048173	0.10	0.02	97%	18432	caa43446c48f6408806377b70168cd7e990ba0872b24bc72b657d5181ef59909	65536	8471d526f9930e2373263bb83a678f6800fe67e60ab4ab6497f56df2c423a864	coordinate	679953	83d7564dec4ddd838a34dfbba2fc456ae17c3599b33171b07c08dc413d5e1ef8	1	dfd74c709c02c3d1723dd2727760b7cf74a166e9ec1f671a7f41bb529aa5e430	65536	8471d526f9930e2373263bb83a678f6800fe67e60ab4ab6497f56df2c423a864	1	dfd74c709c02c3d1723dd2727760b7cf74a166e9ec1f671a7f41bb529aa5e430	runs/moderate-groups-4096-families-16-r03-o02-dumi-on/ready/command.txt	runs/moderate-groups-4096-families-16-r03-o02-dumi-on/ready/stdout.txt	runs/moderate-groups-4096-families-16-r03-o02-dumi-on/ready/stderr.txt	
moderate-groups-4096-families-16-r03-o03-dumi-off-raw	moderate	groups-4096-families-16	raw	dumi	off	3	3	0	2.668698190	10.76	0.62	427%	415076	caa43446c48f6408806377b70168cd7e990ba0872b24bc72b657d5181ef59909	65536	8471d526f9930e2373263bb83a678f6800fe67e60ab4ab6497f56df2c423a864	coordinate	700359	e7d344f8aed4eb2b9b545567842c544f312d48fa1decdff62952a66acd2035d1	1	dfd74c709c02c3d1723dd2727760b7cf74a166e9ec1f671a7f41bb529aa5e430	65536	8471d526f9930e2373263bb83a678f6800fe67e60ab4ab6497f56df2c423a864	1	dfd74c709c02c3d1723dd2727760b7cf74a166e9ec1f671a7f41bb529aa5e430	runs/moderate-groups-4096-families-16-r03-o03-dumi-off/raw/command.txt	runs/moderate-groups-4096-families-16-r03-o03-dumi-off/raw/stdout.txt	runs/moderate-groups-4096-families-16-r03-o03-dumi-off/raw/stderr.txt	
moderate-groups-4096-families-16-r03-o03-dumi-off-ready	moderate	groups-4096-families-16	ready	dumi	off	3	3	0	0.015617189	0.00	0.00	91%	2048	caa43446c48f6408806377b70168cd7e990ba0872b24bc72b657d5181ef59909	65536	8471d526f9930e2373263bb83a678f6800fe67e60ab4ab6497f56df2c423a864	coordinate	700359	e7d344f8aed4eb2b9b545567842c544f312d48fa1decdff62952a66acd2035d1	1	dfd74c709c02c3d1723dd2727760b7cf74a166e9ec1f671a7f41bb529aa5e430	65536	8471d526f9930e2373263bb83a678f6800fe67e60ab4ab6497f56df2c423a864	1	dfd74c709c02c3d1723dd2727760b7cf74a166e9ec1f671a7f41bb529aa5e430	runs/moderate-groups-4096-families-16-r03-o03-dumi-off/ready/command.txt	runs/moderate-groups-4096-families-16-r03-o03-dumi-off/ready/stdout.txt	runs/moderate-groups-4096-families-16-r03-o03-dumi-off/ready/stderr.txt	
moderate-groups-4096-families-16-r03-o04-canonical-upstream-raw	moderate	groups-4096-families-16	raw	canonical-upstream	legacy	3	4	0	3.219559965	10.42	0.67	345%	552988	caa43446c48f6408806377b70168cd7e990ba0872b24bc72b657d5181ef59909	65536	8471d526f9930e2373263bb83a678f6800fe67e60ab4ab6497f56df2c423a864	coordinate	700359	e7d344f8aed4eb2b9b545567842c544f312d48fa1decdff62952a66acd2035d1	1	dfd74c709c02c3d1723dd2727760b7cf74a166e9ec1f671a7f41bb529aa5e430	65536	8471d526f9930e2373263bb83a678f6800fe67e60ab4ab6497f56df2c423a864	1	dfd74c709c02c3d1723dd2727760b7cf74a166e9ec1f671a7f41bb529aa5e430	runs/moderate-groups-4096-families-16-r03-o04-canonical-upstream/raw/command.txt	runs/moderate-groups-4096-families-16-r03-o04-canonical-upstream/raw/stdout.txt	runs/moderate-groups-4096-families-16-r03-o04-canonical-upstream/raw/stderr.txt	
moderate-groups-4096-families-16-r03-o04-canonical-upstream-ready	moderate	groups-4096-families-16	ready	canonical-upstream	legacy	3	4	0	0.023170192	0.01	0.00	90%	2048	caa43446c48f6408806377b70168cd7e990ba0872b24bc72b657d5181ef59909	65536	8471d526f9930e2373263bb83a678f6800fe67e60ab4ab6497f56df2c423a864	coordinate	700359	e7d344f8aed4eb2b9b545567842c544f312d48fa1decdff62952a66acd2035d1	1	dfd74c709c02c3d1723dd2727760b7cf74a166e9ec1f671a7f41bb529aa5e430	65536	8471d526f9930e2373263bb83a678f6800fe67e60ab4ab6497f56df2c423a864	1	dfd74c709c02c3d1723dd2727760b7cf74a166e9ec1f671a7f41bb529aa5e430	runs/moderate-groups-4096-families-16-r03-o04-canonical-upstream/ready/command.txt	runs/moderate-groups-4096-families-16-r03-o04-canonical-upstream/ready/stdout.txt	runs/moderate-groups-4096-families-16-r03-o04-canonical-upstream/ready/stderr.txt	
moderate-groups-4096-families-16-r04-o01-dumi-on-raw	moderate	groups-4096-families-16	raw	dumi	on	4	1	0	2.079381811	5.18	0.56	277%	426324	caa43446c48f6408806377b70168cd7e990ba0872b24bc72b657d5181ef59909	65536	8471d526f9930e2373263bb83a678f6800fe67e60ab4ab6497f56df2c423a864	unsorted	700897	49852aa862b1b4b0808911b746f34907f849b953ee2368c93cc7972890a402d7	1	dfd74c709c02c3d1723dd2727760b7cf74a166e9ec1f671a7f41bb529aa5e430	65536	8471d526f9930e2373263bb83a678f6800fe67e60ab4ab6497f56df2c423a864	1	dfd74c709c02c3d1723dd2727760b7cf74a166e9ec1f671a7f41bb529aa5e430	runs/moderate-groups-4096-families-16-r04-o01-dumi-on/raw/command.txt	runs/moderate-groups-4096-families-16-r04-o01-dumi-on/raw/stdout.txt	runs/moderate-groups-4096-families-16-r04-o01-dumi-on/raw/stderr.txt	
moderate-groups-4096-families-16-r04-o01-dumi-on-ready	moderate	groups-4096-families-16	ready	dumi	on	4	1	0	0.124194789	0.09	0.02	97%	18432	caa43446c48f6408806377b70168cd7e990ba0872b24bc72b657d5181ef59909	65536	8471d526f9930e2373263bb83a678f6800fe67e60ab4ab6497f56df2c423a864	coordinate	679953	00cf37a58a3e94c0067cf40a46113476cf787d28662a89b91aeb37c58b19e7f1	1	dfd74c709c02c3d1723dd2727760b7cf74a166e9ec1f671a7f41bb529aa5e430	65536	8471d526f9930e2373263bb83a678f6800fe67e60ab4ab6497f56df2c423a864	1	dfd74c709c02c3d1723dd2727760b7cf74a166e9ec1f671a7f41bb529aa5e430	runs/moderate-groups-4096-families-16-r04-o01-dumi-on/ready/command.txt	runs/moderate-groups-4096-families-16-r04-o01-dumi-on/ready/stdout.txt	runs/moderate-groups-4096-families-16-r04-o01-dumi-on/ready/stderr.txt	
moderate-groups-4096-families-16-r04-o02-dumi-off-raw	moderate	groups-4096-families-16	raw	dumi	off	4	2	0	2.577776711	9.21	0.66	383%	430848	caa43446c48f6408806377b70168cd7e990ba0872b24bc72b657d5181ef59909	65536	8471d526f9930e2373263bb83a678f6800fe67e60ab4ab6497f56df2c423a864	coordinate	700359	e7d344f8aed4eb2b9b545567842c544f312d48fa1decdff62952a66acd2035d1	1	dfd74c709c02c3d1723dd2727760b7cf74a166e9ec1f671a7f41bb529aa5e430	65536	8471d526f9930e2373263bb83a678f6800fe67e60ab4ab6497f56df2c423a864	1	dfd74c709c02c3d1723dd2727760b7cf74a166e9ec1f671a7f41bb529aa5e430	runs/moderate-groups-4096-families-16-r04-o02-dumi-off/raw/command.txt	runs/moderate-groups-4096-families-16-r04-o02-dumi-off/raw/stdout.txt	runs/moderate-groups-4096-families-16-r04-o02-dumi-off/raw/stderr.txt	
moderate-groups-4096-families-16-r04-o02-dumi-off-ready	moderate	groups-4096-families-16	ready	dumi	off	4	2	0	0.023557124	0.01	0.00	85%	2048	caa43446c48f6408806377b70168cd7e990ba0872b24bc72b657d5181ef59909	65536	8471d526f9930e2373263bb83a678f6800fe67e60ab4ab6497f56df2c423a864	coordinate	700359	e7d344f8aed4eb2b9b545567842c544f312d48fa1decdff62952a66acd2035d1	1	dfd74c709c02c3d1723dd2727760b7cf74a166e9ec1f671a7f41bb529aa5e430	65536	8471d526f9930e2373263bb83a678f6800fe67e60ab4ab6497f56df2c423a864	1	dfd74c709c02c3d1723dd2727760b7cf74a166e9ec1f671a7f41bb529aa5e430	runs/moderate-groups-4096-families-16-r04-o02-dumi-off/ready/command.txt	runs/moderate-groups-4096-families-16-r04-o02-dumi-off/ready/stdout.txt	runs/moderate-groups-4096-families-16-r04-o02-dumi-off/ready/stderr.txt	
moderate-groups-4096-families-16-r04-o03-canonical-upstream-raw	moderate	groups-4096-families-16	raw	canonical-upstream	legacy	4	3	0	3.162757866	10.19	0.63	342%	551360	caa43446c48f6408806377b70168cd7e990ba0872b24bc72b657d5181ef59909	65536	8471d526f9930e2373263bb83a678f6800fe67e60ab4ab6497f56df2c423a864	coordinate	700359	e7d344f8aed4eb2b9b545567842c544f312d48fa1decdff62952a66acd2035d1	1	dfd74c709c02c3d1723dd2727760b7cf74a166e9ec1f671a7f41bb529aa5e430	65536	8471d526f9930e2373263bb83a678f6800fe67e60ab4ab6497f56df2c423a864	1	dfd74c709c02c3d1723dd2727760b7cf74a166e9ec1f671a7f41bb529aa5e430	runs/moderate-groups-4096-families-16-r04-o03-canonical-upstream/raw/command.txt	runs/moderate-groups-4096-families-16-r04-o03-canonical-upstream/raw/stdout.txt	runs/moderate-groups-4096-families-16-r04-o03-canonical-upstream/raw/stderr.txt	
moderate-groups-4096-families-16-r04-o03-canonical-upstream-ready	moderate	groups-4096-families-16	ready	canonical-upstream	legacy	4	3	0	0.023290683	0.01	0.00	95%	2048	caa43446c48f6408806377b70168cd7e990ba0872b24bc72b657d5181ef59909	65536	8471d526f9930e2373263bb83a678f6800fe67e60ab4ab6497f56df2c423a864	coordinate	700359	e7d344f8aed4eb2b9b545567842c544f312d48fa1decdff62952a66acd2035d1	1	dfd74c709c02c3d1723dd2727760b7cf74a166e9ec1f671a7f41bb529aa5e430	65536	8471d526f9930e2373263bb83a678f6800fe67e60ab4ab6497f56df2c423a864	1	dfd74c709c02c3d1723dd2727760b7cf74a166e9ec1f671a7f41bb529aa5e430	runs/moderate-groups-4096-families-16-r04-o03-canonical-upstream/ready/command.txt	runs/moderate-groups-4096-families-16-r04-o03-canonical-upstream/ready/stdout.txt	runs/moderate-groups-4096-families-16-r04-o03-canonical-upstream/ready/stderr.txt	
moderate-groups-4096-families-16-r04-o04-dumi-auto-raw	moderate	groups-4096-families-16	raw	dumi	auto	4	4	0	2.131824465	5.61	0.56	290%	423804	caa43446c48f6408806377b70168cd7e990ba0872b24bc72b657d5181ef59909	65536	8471d526f9930e2373263bb83a678f6800fe67e60ab4ab6497f56df2c423a864	unsorted	700897	49852aa862b1b4b0808911b746f34907f849b953ee2368c93cc7972890a402d7	1	dfd74c709c02c3d1723dd2727760b7cf74a166e9ec1f671a7f41bb529aa5e430	65536	8471d526f9930e2373263bb83a678f6800fe67e60ab4ab6497f56df2c423a864	1	dfd74c709c02c3d1723dd2727760b7cf74a166e9ec1f671a7f41bb529aa5e430	runs/moderate-groups-4096-families-16-r04-o04-dumi-auto/raw/command.txt	runs/moderate-groups-4096-families-16-r04-o04-dumi-auto/raw/stdout.txt	runs/moderate-groups-4096-families-16-r04-o04-dumi-auto/raw/stderr.txt	
moderate-groups-4096-families-16-r04-o04-dumi-auto-ready	moderate	groups-4096-families-16	ready	dumi	auto	4	4	0	0.138852971	0.09	0.04	98%	18432	caa43446c48f6408806377b70168cd7e990ba0872b24bc72b657d5181ef59909	65536	8471d526f9930e2373263bb83a678f6800fe67e60ab4ab6497f56df2c423a864	coordinate	679954	951cbc2429253f9d9f5234a3ce621889a6e3d1b153a476d7c0df9af2d069e17a	1	dfd74c709c02c3d1723dd2727760b7cf74a166e9ec1f671a7f41bb529aa5e430	65536	8471d526f9930e2373263bb83a678f6800fe67e60ab4ab6497f56df2c423a864	1	dfd74c709c02c3d1723dd2727760b7cf74a166e9ec1f671a7f41bb529aa5e430	runs/moderate-groups-4096-families-16-r04-o04-dumi-auto/ready/command.txt	runs/moderate-groups-4096-families-16-r04-o04-dumi-auto/ready/stdout.txt	runs/moderate-groups-4096-families-16-r04-o04-dumi-auto/ready/stderr.txt	
moderate-groups-4096-families-16-r05-o01-dumi-off-raw	moderate	groups-4096-families-16	raw	dumi	off	5	1	0	2.566708527	8.38	0.68	353%	430332	caa43446c48f6408806377b70168cd7e990ba0872b24bc72b657d5181ef59909	65536	8471d526f9930e2373263bb83a678f6800fe67e60ab4ab6497f56df2c423a864	coordinate	700359	e7d344f8aed4eb2b9b545567842c544f312d48fa1decdff62952a66acd2035d1	1	dfd74c709c02c3d1723dd2727760b7cf74a166e9ec1f671a7f41bb529aa5e430	65536	8471d526f9930e2373263bb83a678f6800fe67e60ab4ab6497f56df2c423a864	1	dfd74c709c02c3d1723dd2727760b7cf74a166e9ec1f671a7f41bb529aa5e430	runs/moderate-groups-4096-families-16-r05-o01-dumi-off/raw/command.txt	runs/moderate-groups-4096-families-16-r05-o01-dumi-off/raw/stdout.txt	runs/moderate-groups-4096-families-16-r05-o01-dumi-off/raw/stderr.txt	
moderate-groups-4096-families-16-r05-o01-dumi-off-ready	moderate	groups-4096-families-16	ready	dumi	off	5	1	0	0.023498508	0.01	0.00	85%	2048	caa43446c48f6408806377b70168cd7e990ba0872b24bc72b657d5181ef59909	65536	8471d526f9930e2373263bb83a678f6800fe67e60ab4ab6497f56df2c423a864	coordinate	700359	e7d344f8aed4eb2b9b545567842c544f312d48fa1decdff62952a66acd2035d1	1	dfd74c709c02c3d1723dd2727760b7cf74a166e9ec1f671a7f41bb529aa5e430	65536	8471d526f9930e2373263bb83a678f6800fe67e60ab4ab6497f56df2c423a864	1	dfd74c709c02c3d1723dd2727760b7cf74a166e9ec1f671a7f41bb529aa5e430	runs/moderate-groups-4096-families-16-r05-o01-dumi-off/ready/command.txt	runs/moderate-groups-4096-families-16-r05-o01-dumi-off/ready/stdout.txt	runs/moderate-groups-4096-families-16-r05-o01-dumi-off/ready/stderr.txt	
moderate-groups-4096-families-16-r05-o02-canonical-upstream-raw	moderate	groups-4096-families-16	raw	canonical-upstream	legacy	5	2	0	3.075696303	9.04	0.74	318%	546860	caa43446c48f6408806377b70168cd7e990ba0872b24bc72b657d5181ef59909	65536	8471d526f9930e2373263bb83a678f6800fe67e60ab4ab6497f56df2c423a864	coordinate	700359	e7d344f8aed4eb2b9b545567842c544f312d48fa1decdff62952a66acd2035d1	1	dfd74c709c02c3d1723dd2727760b7cf74a166e9ec1f671a7f41bb529aa5e430	65536	8471d526f9930e2373263bb83a678f6800fe67e60ab4ab6497f56df2c423a864	1	dfd74c709c02c3d1723dd2727760b7cf74a166e9ec1f671a7f41bb529aa5e430	runs/moderate-groups-4096-families-16-r05-o02-canonical-upstream/raw/command.txt	runs/moderate-groups-4096-families-16-r05-o02-canonical-upstream/raw/stdout.txt	runs/moderate-groups-4096-families-16-r05-o02-canonical-upstream/raw/stderr.txt	
moderate-groups-4096-families-16-r05-o02-canonical-upstream-ready	moderate	groups-4096-families-16	ready	canonical-upstream	legacy	5	2	0	0.023078682	0.01	0.00	85%	2048	caa43446c48f6408806377b70168cd7e990ba0872b24bc72b657d5181ef59909	65536	8471d526f9930e2373263bb83a678f6800fe67e60ab4ab6497f56df2c423a864	coordinate	700359	e7d344f8aed4eb2b9b545567842c544f312d48fa1decdff62952a66acd2035d1	1	dfd74c709c02c3d1723dd2727760b7cf74a166e9ec1f671a7f41bb529aa5e430	65536	8471d526f9930e2373263bb83a678f6800fe67e60ab4ab6497f56df2c423a864	1	dfd74c709c02c3d1723dd2727760b7cf74a166e9ec1f671a7f41bb529aa5e430	runs/moderate-groups-4096-families-16-r05-o02-canonical-upstream/ready/command.txt	runs/moderate-groups-4096-families-16-r05-o02-canonical-upstream/ready/stdout.txt	runs/moderate-groups-4096-families-16-r05-o02-canonical-upstream/ready/stderr.txt	
moderate-groups-4096-families-16-r05-o03-dumi-auto-raw	moderate	groups-4096-families-16	raw	dumi	auto	5	3	0	2.099982439	5.75	0.55	301%	403676	caa43446c48f6408806377b70168cd7e990ba0872b24bc72b657d5181ef59909	65536	8471d526f9930e2373263bb83a678f6800fe67e60ab4ab6497f56df2c423a864	unsorted	700897	49852aa862b1b4b0808911b746f34907f849b953ee2368c93cc7972890a402d7	1	dfd74c709c02c3d1723dd2727760b7cf74a166e9ec1f671a7f41bb529aa5e430	65536	8471d526f9930e2373263bb83a678f6800fe67e60ab4ab6497f56df2c423a864	1	dfd74c709c02c3d1723dd2727760b7cf74a166e9ec1f671a7f41bb529aa5e430	runs/moderate-groups-4096-families-16-r05-o03-dumi-auto/raw/command.txt	runs/moderate-groups-4096-families-16-r05-o03-dumi-auto/raw/stdout.txt	runs/moderate-groups-4096-families-16-r05-o03-dumi-auto/raw/stderr.txt	
moderate-groups-4096-families-16-r05-o03-dumi-auto-ready	moderate	groups-4096-families-16	ready	dumi	auto	5	3	0	0.133779236	0.09	0.03	97%	18432	caa43446c48f6408806377b70168cd7e990ba0872b24bc72b657d5181ef59909	65536	8471d526f9930e2373263bb83a678f6800fe67e60ab4ab6497f56df2c423a864	coordinate	679954	3b1326704bf1a34d2d48a0aea834def833ea18103f98d0cc21caf7b06d17c9a5	1	dfd74c709c02c3d1723dd2727760b7cf74a166e9ec1f671a7f41bb529aa5e430	65536	8471d526f9930e2373263bb83a678f6800fe67e60ab4ab6497f56df2c423a864	1	dfd74c709c02c3d1723dd2727760b7cf74a166e9ec1f671a7f41bb529aa5e430	runs/moderate-groups-4096-families-16-r05-o03-dumi-auto/ready/command.txt	runs/moderate-groups-4096-families-16-r05-o03-dumi-auto/ready/stdout.txt	runs/moderate-groups-4096-families-16-r05-o03-dumi-auto/ready/stderr.txt	
moderate-groups-4096-families-16-r05-o04-dumi-on-raw	moderate	groups-4096-families-16	raw	dumi	on	5	4	0	2.283704524	5.64	0.62	274%	437140	caa43446c48f6408806377b70168cd7e990ba0872b24bc72b657d5181ef59909	65536	8471d526f9930e2373263bb83a678f6800fe67e60ab4ab6497f56df2c423a864	unsorted	700897	49852aa862b1b4b0808911b746f34907f849b953ee2368c93cc7972890a402d7	1	dfd74c709c02c3d1723dd2727760b7cf74a166e9ec1f671a7f41bb529aa5e430	65536	8471d526f9930e2373263bb83a678f6800fe67e60ab4ab6497f56df2c423a864	1	dfd74c709c02c3d1723dd2727760b7cf74a166e9ec1f671a7f41bb529aa5e430	runs/moderate-groups-4096-families-16-r05-o04-dumi-on/raw/command.txt	runs/moderate-groups-4096-families-16-r05-o04-dumi-on/raw/stdout.txt	runs/moderate-groups-4096-families-16-r05-o04-dumi-on/raw/stderr.txt	
moderate-groups-4096-families-16-r05-o04-dumi-on-ready	moderate	groups-4096-families-16	ready	dumi	on	5	4	0	0.137529499	0.09	0.03	97%	18432	caa43446c48f6408806377b70168cd7e990ba0872b24bc72b657d5181ef59909	65536	8471d526f9930e2373263bb83a678f6800fe67e60ab4ab6497f56df2c423a864	coordinate	679952	5139b5915075c63b304c301498e974ff130e3d2aecb0bd6ffb35a69ea87607b0	1	dfd74c709c02c3d1723dd2727760b7cf74a166e9ec1f671a7f41bb529aa5e430	65536	8471d526f9930e2373263bb83a678f6800fe67e60ab4ab6497f56df2c423a864	1	dfd74c709c02c3d1723dd2727760b7cf74a166e9ec1f671a7f41bb529aa5e430	runs/moderate-groups-4096-families-16-r05-o04-dumi-on/ready/command.txt	runs/moderate-groups-4096-families-16-r05-o04-dumi-on/ready/stdout.txt	runs/moderate-groups-4096-families-16-r05-o04-dumi-on/ready/stderr.txt	
moderate-groups-4096-families-16-r06-o01-canonical-upstream-raw	moderate	groups-4096-families-16	raw	canonical-upstream	legacy	6	1	0	3.393942009	11.94	0.76	374%	560072	caa43446c48f6408806377b70168cd7e990ba0872b24bc72b657d5181ef59909	65536	8471d526f9930e2373263bb83a678f6800fe67e60ab4ab6497f56df2c423a864	coordinate	700359	e7d344f8aed4eb2b9b545567842c544f312d48fa1decdff62952a66acd2035d1	1	dfd74c709c02c3d1723dd2727760b7cf74a166e9ec1f671a7f41bb529aa5e430	65536	8471d526f9930e2373263bb83a678f6800fe67e60ab4ab6497f56df2c423a864	1	dfd74c709c02c3d1723dd2727760b7cf74a166e9ec1f671a7f41bb529aa5e430	runs/moderate-groups-4096-families-16-r06-o01-canonical-upstream/raw/command.txt	runs/moderate-groups-4096-families-16-r06-o01-canonical-upstream/raw/stdout.txt	runs/moderate-groups-4096-families-16-r06-o01-canonical-upstream/raw/stderr.txt	
moderate-groups-4096-families-16-r06-o01-canonical-upstream-ready	moderate	groups-4096-families-16	ready	canonical-upstream	legacy	6	1	0	0.023751403	0.01	0.00	90%	2048	caa43446c48f6408806377b70168cd7e990ba0872b24bc72b657d5181ef59909	65536	8471d526f9930e2373263bb83a678f6800fe67e60ab4ab6497f56df2c423a864	coordinate	700359	e7d344f8aed4eb2b9b545567842c544f312d48fa1decdff62952a66acd2035d1	1	dfd74c709c02c3d1723dd2727760b7cf74a166e9ec1f671a7f41bb529aa5e430	65536	8471d526f9930e2373263bb83a678f6800fe67e60ab4ab6497f56df2c423a864	1	dfd74c709c02c3d1723dd2727760b7cf74a166e9ec1f671a7f41bb529aa5e430	runs/moderate-groups-4096-families-16-r06-o01-canonical-upstream/ready/command.txt	runs/moderate-groups-4096-families-16-r06-o01-canonical-upstream/ready/stdout.txt	runs/moderate-groups-4096-families-16-r06-o01-canonical-upstream/ready/stderr.txt	
moderate-groups-4096-families-16-r06-o02-dumi-auto-raw	moderate	groups-4096-families-16	raw	dumi	auto	6	2	0	2.159967874	5.78	0.54	293%	427772	caa43446c48f6408806377b70168cd7e990ba0872b24bc72b657d5181ef59909	65536	8471d526f9930e2373263bb83a678f6800fe67e60ab4ab6497f56df2c423a864	unsorted	700897	49852aa862b1b4b0808911b746f34907f849b953ee2368c93cc7972890a402d7	1	dfd74c709c02c3d1723dd2727760b7cf74a166e9ec1f671a7f41bb529aa5e430	65536	8471d526f9930e2373263bb83a678f6800fe67e60ab4ab6497f56df2c423a864	1	dfd74c709c02c3d1723dd2727760b7cf74a166e9ec1f671a7f41bb529aa5e430	runs/moderate-groups-4096-families-16-r06-o02-dumi-auto/raw/command.txt	runs/moderate-groups-4096-families-16-r06-o02-dumi-auto/raw/stdout.txt	runs/moderate-groups-4096-families-16-r06-o02-dumi-auto/raw/stderr.txt	
moderate-groups-4096-families-16-r06-o02-dumi-auto-ready	moderate	groups-4096-families-16	ready	dumi	auto	6	2	0	0.127623093	0.09	0.02	97%	18432	caa43446c48f6408806377b70168cd7e990ba0872b24bc72b657d5181ef59909	65536	8471d526f9930e2373263bb83a678f6800fe67e60ab4ab6497f56df2c423a864	coordinate	679954	4c6f5f4b5fb3fad47e1fa902685cfc669959b35e7da9262c8faf738eb8561842	1	dfd74c709c02c3d1723dd2727760b7cf74a166e9ec1f671a7f41bb529aa5e430	65536	8471d526f9930e2373263bb83a678f6800fe67e60ab4ab6497f56df2c423a864	1	dfd74c709c02c3d1723dd2727760b7cf74a166e9ec1f671a7f41bb529aa5e430	runs/moderate-groups-4096-families-16-r06-o02-dumi-auto/ready/command.txt	runs/moderate-groups-4096-families-16-r06-o02-dumi-auto/ready/stdout.txt	runs/moderate-groups-4096-families-16-r06-o02-dumi-auto/ready/stderr.txt	
moderate-groups-4096-families-16-r06-o03-dumi-on-raw	moderate	groups-4096-families-16	raw	dumi	on	6	3	0	2.268485143	5.44	0.72	272%	442180	caa43446c48f6408806377b70168cd7e990ba0872b24bc72b657d5181ef59909	65536	8471d526f9930e2373263bb83a678f6800fe67e60ab4ab6497f56df2c423a864	unsorted	700897	49852aa862b1b4b0808911b746f34907f849b953ee2368c93cc7972890a402d7	1	dfd74c709c02c3d1723dd2727760b7cf74a166e9ec1f671a7f41bb529aa5e430	65536	8471d526f9930e2373263bb83a678f6800fe67e60ab4ab6497f56df2c423a864	1	dfd74c709c02c3d1723dd2727760b7cf74a166e9ec1f671a7f41bb529aa5e430	runs/moderate-groups-4096-families-16-r06-o03-dumi-on/raw/command.txt	runs/moderate-groups-4096-families-16-r06-o03-dumi-on/raw/stdout.txt	runs/moderate-groups-4096-families-16-r06-o03-dumi-on/raw/stderr.txt	
moderate-groups-4096-families-16-r06-o03-dumi-on-ready	moderate	groups-4096-families-16	ready	dumi	on	6	3	0	0.136957010	0.10	0.02	97%	18432	caa43446c48f6408806377b70168cd7e990ba0872b24bc72b657d5181ef59909	65536	8471d526f9930e2373263bb83a678f6800fe67e60ab4ab6497f56df2c423a864	coordinate	679953	c7cb7bc0e015070fc46a5bbc48ea9217c4492fe5482fe30feaaa66aac2d9cef2	1	dfd74c709c02c3d1723dd2727760b7cf74a166e9ec1f671a7f41bb529aa5e430	65536	8471d526f9930e2373263bb83a678f6800fe67e60ab4ab6497f56df2c423a864	1	dfd74c709c02c3d1723dd2727760b7cf74a166e9ec1f671a7f41bb529aa5e430	runs/moderate-groups-4096-families-16-r06-o03-dumi-on/ready/command.txt	runs/moderate-groups-4096-families-16-r06-o03-dumi-on/ready/stdout.txt	runs/moderate-groups-4096-families-16-r06-o03-dumi-on/ready/stderr.txt	
moderate-groups-4096-families-16-r06-o04-dumi-off-raw	moderate	groups-4096-families-16	raw	dumi	off	6	4	0	2.637462316	9.85	0.64	398%	430988	caa43446c48f6408806377b70168cd7e990ba0872b24bc72b657d5181ef59909	65536	8471d526f9930e2373263bb83a678f6800fe67e60ab4ab6497f56df2c423a864	coordinate	700359	e7d344f8aed4eb2b9b545567842c544f312d48fa1decdff62952a66acd2035d1	1	dfd74c709c02c3d1723dd2727760b7cf74a166e9ec1f671a7f41bb529aa5e430	65536	8471d526f9930e2373263bb83a678f6800fe67e60ab4ab6497f56df2c423a864	1	dfd74c709c02c3d1723dd2727760b7cf74a166e9ec1f671a7f41bb529aa5e430	runs/moderate-groups-4096-families-16-r06-o04-dumi-off/raw/command.txt	runs/moderate-groups-4096-families-16-r06-o04-dumi-off/raw/stdout.txt	runs/moderate-groups-4096-families-16-r06-o04-dumi-off/raw/stderr.txt	
moderate-groups-4096-families-16-r06-o04-dumi-off-ready	moderate	groups-4096-families-16	ready	dumi	off	6	4	0	0.023017464	0.01	0.00	90%	2048	caa43446c48f6408806377b70168cd7e990ba0872b24bc72b657d5181ef59909	65536	8471d526f9930e2373263bb83a678f6800fe67e60ab4ab6497f56df2c423a864	coordinate	700359	e7d344f8aed4eb2b9b545567842c544f312d48fa1decdff62952a66acd2035d1	1	dfd74c709c02c3d1723dd2727760b7cf74a166e9ec1f671a7f41bb529aa5e430	65536	8471d526f9930e2373263bb83a678f6800fe67e60ab4ab6497f56df2c423a864	1	dfd74c709c02c3d1723dd2727760b7cf74a166e9ec1f671a7f41bb529aa5e430	runs/moderate-groups-4096-families-16-r06-o04-dumi-off/ready/command.txt	runs/moderate-groups-4096-families-16-r06-o04-dumi-off/ready/stdout.txt	runs/moderate-groups-4096-families-16-r06-o04-dumi-off/ready/stderr.txt	
moderate-groups-4096-families-16-r07-o01-canonical-upstream-raw	moderate	groups-4096-families-16	raw	canonical-upstream	legacy	7	1	0	3.281160143	11.18	0.64	361%	572260	caa43446c48f6408806377b70168cd7e990ba0872b24bc72b657d5181ef59909	65536	8471d526f9930e2373263bb83a678f6800fe67e60ab4ab6497f56df2c423a864	coordinate	700359	e7d344f8aed4eb2b9b545567842c544f312d48fa1decdff62952a66acd2035d1	1	dfd74c709c02c3d1723dd2727760b7cf74a166e9ec1f671a7f41bb529aa5e430	65536	8471d526f9930e2373263bb83a678f6800fe67e60ab4ab6497f56df2c423a864	1	dfd74c709c02c3d1723dd2727760b7cf74a166e9ec1f671a7f41bb529aa5e430	runs/moderate-groups-4096-families-16-r07-o01-canonical-upstream/raw/command.txt	runs/moderate-groups-4096-families-16-r07-o01-canonical-upstream/raw/stdout.txt	runs/moderate-groups-4096-families-16-r07-o01-canonical-upstream/raw/stderr.txt	
moderate-groups-4096-families-16-r07-o01-canonical-upstream-ready	moderate	groups-4096-families-16	ready	canonical-upstream	legacy	7	1	0	0.023788019	0.01	0.00	90%	2048	caa43446c48f6408806377b70168cd7e990ba0872b24bc72b657d5181ef59909	65536	8471d526f9930e2373263bb83a678f6800fe67e60ab4ab6497f56df2c423a864	coordinate	700359	e7d344f8aed4eb2b9b545567842c544f312d48fa1decdff62952a66acd2035d1	1	dfd74c709c02c3d1723dd2727760b7cf74a166e9ec1f671a7f41bb529aa5e430	65536	8471d526f9930e2373263bb83a678f6800fe67e60ab4ab6497f56df2c423a864	1	dfd74c709c02c3d1723dd2727760b7cf74a166e9ec1f671a7f41bb529aa5e430	runs/moderate-groups-4096-families-16-r07-o01-canonical-upstream/ready/command.txt	runs/moderate-groups-4096-families-16-r07-o01-canonical-upstream/ready/stdout.txt	runs/moderate-groups-4096-families-16-r07-o01-canonical-upstream/ready/stderr.txt	
moderate-groups-4096-families-16-r07-o02-dumi-off-raw	moderate	groups-4096-families-16	raw	dumi	off	7	2	0	2.768432585	10.83	0.64	415%	429100	caa43446c48f6408806377b70168cd7e990ba0872b24bc72b657d5181ef59909	65536	8471d526f9930e2373263bb83a678f6800fe67e60ab4ab6497f56df2c423a864	coordinate	700359	e7d344f8aed4eb2b9b545567842c544f312d48fa1decdff62952a66acd2035d1	1	dfd74c709c02c3d1723dd2727760b7cf74a166e9ec1f671a7f41bb529aa5e430	65536	8471d526f9930e2373263bb83a678f6800fe67e60ab4ab6497f56df2c423a864	1	dfd74c709c02c3d1723dd2727760b7cf74a166e9ec1f671a7f41bb529aa5e430	runs/moderate-groups-4096-families-16-r07-o02-dumi-off/raw/command.txt	runs/moderate-groups-4096-families-16-r07-o02-dumi-off/raw/stdout.txt	runs/moderate-groups-4096-families-16-r07-o02-dumi-off/raw/stderr.txt	
moderate-groups-4096-families-16-r07-o02-dumi-off-ready	moderate	groups-4096-families-16	ready	dumi	off	7	2	0	0.022279306	0.01	0.00	89%	2048	caa43446c48f6408806377b70168cd7e990ba0872b24bc72b657d5181ef59909	65536	8471d526f9930e2373263bb83a678f6800fe67e60ab4ab6497f56df2c423a864	coordinate	700359	e7d344f8aed4eb2b9b545567842c544f312d48fa1decdff62952a66acd2035d1	1	dfd74c709c02c3d1723dd2727760b7cf74a166e9ec1f671a7f41bb529aa5e430	65536	8471d526f9930e2373263bb83a678f6800fe67e60ab4ab6497f56df2c423a864	1	dfd74c709c02c3d1723dd2727760b7cf74a166e9ec1f671a7f41bb529aa5e430	runs/moderate-groups-4096-families-16-r07-o02-dumi-off/ready/command.txt	runs/moderate-groups-4096-families-16-r07-o02-dumi-off/ready/stdout.txt	runs/moderate-groups-4096-families-16-r07-o02-dumi-off/ready/stderr.txt	
moderate-groups-4096-families-16-r07-o03-dumi-on-raw	moderate	groups-4096-families-16	raw	dumi	on	7	3	0	2.102988831	5.28	0.55	278%	427940	caa43446c48f6408806377b70168cd7e990ba0872b24bc72b657d5181ef59909	65536	8471d526f9930e2373263bb83a678f6800fe67e60ab4ab6497f56df2c423a864	unsorted	700897	49852aa862b1b4b0808911b746f34907f849b953ee2368c93cc7972890a402d7	1	dfd74c709c02c3d1723dd2727760b7cf74a166e9ec1f671a7f41bb529aa5e430	65536	8471d526f9930e2373263bb83a678f6800fe67e60ab4ab6497f56df2c423a864	1	dfd74c709c02c3d1723dd2727760b7cf74a166e9ec1f671a7f41bb529aa5e430	runs/moderate-groups-4096-families-16-r07-o03-dumi-on/raw/command.txt	runs/moderate-groups-4096-families-16-r07-o03-dumi-on/raw/stdout.txt	runs/moderate-groups-4096-families-16-r07-o03-dumi-on/raw/stderr.txt	
moderate-groups-4096-families-16-r07-o03-dumi-on-ready	moderate	groups-4096-families-16	ready	dumi	on	7	3	0	0.125467190	0.09	0.02	97%	18432	caa43446c48f6408806377b70168cd7e990ba0872b24bc72b657d5181ef59909	65536	8471d526f9930e2373263bb83a678f6800fe67e60ab4ab6497f56df2c423a864	coordinate	679953	bef685cc162cbc742d87fcf7dfba2983bcca5aeb3a27333b01cdd14d5139a9e9	1	dfd74c709c02c3d1723dd2727760b7cf74a166e9ec1f671a7f41bb529aa5e430	65536	8471d526f9930e2373263bb83a678f6800fe67e60ab4ab6497f56df2c423a864	1	dfd74c709c02c3d1723dd2727760b7cf74a166e9ec1f671a7f41bb529aa5e430	runs/moderate-groups-4096-families-16-r07-o03-dumi-on/ready/command.txt	runs/moderate-groups-4096-families-16-r07-o03-dumi-on/ready/stdout.txt	runs/moderate-groups-4096-families-16-r07-o03-dumi-on/ready/stderr.txt	
moderate-groups-4096-families-16-r07-o04-dumi-auto-raw	moderate	groups-4096-families-16	raw	dumi	auto	7	4	0	2.091375321	5.73	0.48	297%	429880	caa43446c48f6408806377b70168cd7e990ba0872b24bc72b657d5181ef59909	65536	8471d526f9930e2373263bb83a678f6800fe67e60ab4ab6497f56df2c423a864	unsorted	700897	49852aa862b1b4b0808911b746f34907f849b953ee2368c93cc7972890a402d7	1	dfd74c709c02c3d1723dd2727760b7cf74a166e9ec1f671a7f41bb529aa5e430	65536	8471d526f9930e2373263bb83a678f6800fe67e60ab4ab6497f56df2c423a864	1	dfd74c709c02c3d1723dd2727760b7cf74a166e9ec1f671a7f41bb529aa5e430	runs/moderate-groups-4096-families-16-r07-o04-dumi-auto/raw/command.txt	runs/moderate-groups-4096-families-16-r07-o04-dumi-auto/raw/stdout.txt	runs/moderate-groups-4096-families-16-r07-o04-dumi-auto/raw/stderr.txt	
moderate-groups-4096-families-16-r07-o04-dumi-auto-ready	moderate	groups-4096-families-16	ready	dumi	auto	7	4	0	0.139311440	0.09	0.03	97%	18432	caa43446c48f6408806377b70168cd7e990ba0872b24bc72b657d5181ef59909	65536	8471d526f9930e2373263bb83a678f6800fe67e60ab4ab6497f56df2c423a864	coordinate	679954	95d9eaf8bcf73e72f5a489343835bd7bb02f96e8c6077a85a82e94e9deb05680	1	dfd74c709c02c3d1723dd2727760b7cf74a166e9ec1f671a7f41bb529aa5e430	65536	8471d526f9930e2373263bb83a678f6800fe67e60ab4ab6497f56df2c423a864	1	dfd74c709c02c3d1723dd2727760b7cf74a166e9ec1f671a7f41bb529aa5e430	runs/moderate-groups-4096-families-16-r07-o04-dumi-auto/ready/command.txt	runs/moderate-groups-4096-families-16-r07-o04-dumi-auto/ready/stdout.txt	runs/moderate-groups-4096-families-16-r07-o04-dumi-auto/ready/stderr.txt	
hotspot-families-65536-r01-o01-dumi-auto-raw	hotspot	families-65536	raw	dumi	auto	1	1	0	3.435328528	8.25	0.63	258%	480780	c908b92b7207bad7603f8cee44aca166739430e31ec604a9ad9149a803c0c412	65536	3cf8a6517636d42763c094c7fbcf14b2785942b6e1adc4541843335e0a82f44d	unsorted	610405	5f28df6bc24ea63cda9b243b9ddcf5e8c418812168c8286ee67c3e4f1c6c3e26	1	43e376761b9eee1f83af202748aefe5b4a162610442db37be3291c635a6f75f0	65536	3cf8a6517636d42763c094c7fbcf14b2785942b6e1adc4541843335e0a82f44d	1	43e376761b9eee1f83af202748aefe5b4a162610442db37be3291c635a6f75f0	runs/hotspot-families-65536-r01-o01-dumi-auto/raw/command.txt	runs/hotspot-families-65536-r01-o01-dumi-auto/raw/stdout.txt	runs/hotspot-families-65536-r01-o01-dumi-auto/raw/stderr.txt	
hotspot-families-65536-r01-o01-dumi-auto-ready	hotspot	families-65536	ready	dumi	auto	1	1	0	0.094663922	0.06	0.02	97%	16384	c908b92b7207bad7603f8cee44aca166739430e31ec604a9ad9149a803c0c412	65536	3cf8a6517636d42763c094c7fbcf14b2785942b6e1adc4541843335e0a82f44d	coordinate	594348	be54fe2c2da117708aa58bab1266f371668ecd013d6c3b5b8addf39a38ab06d4	1	43e376761b9eee1f83af202748aefe5b4a162610442db37be3291c635a6f75f0	65536	3cf8a6517636d42763c094c7fbcf14b2785942b6e1adc4541843335e0a82f44d	1	43e376761b9eee1f83af202748aefe5b4a162610442db37be3291c635a6f75f0	runs/hotspot-families-65536-r01-o01-dumi-auto/ready/command.txt	runs/hotspot-families-65536-r01-o01-dumi-auto/ready/stdout.txt	runs/hotspot-families-65536-r01-o01-dumi-auto/ready/stderr.txt	
hotspot-families-65536-r01-o02-canonical-upstream-raw	hotspot	families-65536	raw	canonical-upstream	legacy	1	2	0	4.462713029	12.86	0.64	302%	571232	c908b92b7207bad7603f8cee44aca166739430e31ec604a9ad9149a803c0c412	65536	3cf8a6517636d42763c094c7fbcf14b2785942b6e1adc4541843335e0a82f44d	coordinate	640137	5ec3d40d3fa592b7367dec66283170325af3cca105e39046b50eea857c7332ff	1	43e376761b9eee1f83af202748aefe5b4a162610442db37be3291c635a6f75f0	65536	3cf8a6517636d42763c094c7fbcf14b2785942b6e1adc4541843335e0a82f44d	1	43e376761b9eee1f83af202748aefe5b4a162610442db37be3291c635a6f75f0	runs/hotspot-families-65536-r01-o02-canonical-upstream/raw/command.txt	runs/hotspot-families-65536-r01-o02-canonical-upstream/raw/stdout.txt	runs/hotspot-families-65536-r01-o02-canonical-upstream/raw/stderr.txt	
hotspot-families-65536-r01-o02-canonical-upstream-ready	hotspot	families-65536	ready	canonical-upstream	legacy	1	2	0	0.023100182	0.01	0.00	85%	2048	c908b92b7207bad7603f8cee44aca166739430e31ec604a9ad9149a803c0c412	65536	3cf8a6517636d42763c094c7fbcf14b2785942b6e1adc4541843335e0a82f44d	coordinate	640137	5ec3d40d3fa592b7367dec66283170325af3cca105e39046b50eea857c7332ff	1	43e376761b9eee1f83af202748aefe5b4a162610442db37be3291c635a6f75f0	65536	3cf8a6517636d42763c094c7fbcf14b2785942b6e1adc4541843335e0a82f44d	1	43e376761b9eee1f83af202748aefe5b4a162610442db37be3291c635a6f75f0	runs/hotspot-families-65536-r01-o02-canonical-upstream/ready/command.txt	runs/hotspot-families-65536-r01-o02-canonical-upstream/ready/stdout.txt	runs/hotspot-families-65536-r01-o02-canonical-upstream/ready/stderr.txt	
hotspot-families-65536-r01-o03-dumi-off-raw	hotspot	families-65536	raw	dumi	off	1	3	0	3.979536575	11.72	0.77	314%	456836	c908b92b7207bad7603f8cee44aca166739430e31ec604a9ad9149a803c0c412	65536	3cf8a6517636d42763c094c7fbcf14b2785942b6e1adc4541843335e0a82f44d	coordinate	640137	5ec3d40d3fa592b7367dec66283170325af3cca105e39046b50eea857c7332ff	1	43e376761b9eee1f83af202748aefe5b4a162610442db37be3291c635a6f75f0	65536	3cf8a6517636d42763c094c7fbcf14b2785942b6e1adc4541843335e0a82f44d	1	43e376761b9eee1f83af202748aefe5b4a162610442db37be3291c635a6f75f0	runs/hotspot-families-65536-r01-o03-dumi-off/raw/command.txt	runs/hotspot-families-65536-r01-o03-dumi-off/raw/stdout.txt	runs/hotspot-families-65536-r01-o03-dumi-off/raw/stderr.txt	
hotspot-families-65536-r01-o03-dumi-off-ready	hotspot	families-65536	ready	dumi	off	1	3	0	0.022460059	0.01	0.00	90%	2048	c908b92b7207bad7603f8cee44aca166739430e31ec604a9ad9149a803c0c412	65536	3cf8a6517636d42763c094c7fbcf14b2785942b6e1adc4541843335e0a82f44d	coordinate	640137	5ec3d40d3fa592b7367dec66283170325af3cca105e39046b50eea857c7332ff	1	43e376761b9eee1f83af202748aefe5b4a162610442db37be3291c635a6f75f0	65536	3cf8a6517636d42763c094c7fbcf14b2785942b6e1adc4541843335e0a82f44d	1	43e376761b9eee1f83af202748aefe5b4a162610442db37be3291c635a6f75f0	runs/hotspot-families-65536-r01-o03-dumi-off/ready/command.txt	runs/hotspot-families-65536-r01-o03-dumi-off/ready/stdout.txt	runs/hotspot-families-65536-r01-o03-dumi-off/ready/stderr.txt	
hotspot-families-65536-r01-o04-dumi-on-raw	hotspot	families-65536	raw	dumi	on	1	4	0	3.227803357	7.55	0.69	256%	484752	c908b92b7207bad7603f8cee44aca166739430e31ec604a9ad9149a803c0c412	65536	3cf8a6517636d42763c094c7fbcf14b2785942b6e1adc4541843335e0a82f44d	unsorted	610405	5f28df6bc24ea63cda9b243b9ddcf5e8c418812168c8286ee67c3e4f1c6c3e26	1	43e376761b9eee1f83af202748aefe5b4a162610442db37be3291c635a6f75f0	65536	3cf8a6517636d42763c094c7fbcf14b2785942b6e1adc4541843335e0a82f44d	1	43e376761b9eee1f83af202748aefe5b4a162610442db37be3291c635a6f75f0	runs/hotspot-families-65536-r01-o04-dumi-on/raw/command.txt	runs/hotspot-families-65536-r01-o04-dumi-on/raw/stdout.txt	runs/hotspot-families-65536-r01-o04-dumi-on/raw/stderr.txt	
hotspot-families-65536-r01-o04-dumi-on-ready	hotspot	families-65536	ready	dumi	on	1	4	0	0.119652069	0.08	0.02	97%	16384	c908b92b7207bad7603f8cee44aca166739430e31ec604a9ad9149a803c0c412	65536	3cf8a6517636d42763c094c7fbcf14b2785942b6e1adc4541843335e0a82f44d	coordinate	594347	5a1fec0f67bff0a1fab82a77d58edee7cb877b5759ae35852e0801bf3ebb55b0	1	43e376761b9eee1f83af202748aefe5b4a162610442db37be3291c635a6f75f0	65536	3cf8a6517636d42763c094c7fbcf14b2785942b6e1adc4541843335e0a82f44d	1	43e376761b9eee1f83af202748aefe5b4a162610442db37be3291c635a6f75f0	runs/hotspot-families-65536-r01-o04-dumi-on/ready/command.txt	runs/hotspot-families-65536-r01-o04-dumi-on/ready/stdout.txt	runs/hotspot-families-65536-r01-o04-dumi-on/ready/stderr.txt	
hotspot-families-65536-r02-o01-dumi-auto-raw	hotspot	families-65536	raw	dumi	auto	2	1	0	3.331935045	7.44	0.69	244%	579524	c908b92b7207bad7603f8cee44aca166739430e31ec604a9ad9149a803c0c412	65536	3cf8a6517636d42763c094c7fbcf14b2785942b6e1adc4541843335e0a82f44d	unsorted	610405	5f28df6bc24ea63cda9b243b9ddcf5e8c418812168c8286ee67c3e4f1c6c3e26	1	43e376761b9eee1f83af202748aefe5b4a162610442db37be3291c635a6f75f0	65536	3cf8a6517636d42763c094c7fbcf14b2785942b6e1adc4541843335e0a82f44d	1	43e376761b9eee1f83af202748aefe5b4a162610442db37be3291c635a6f75f0	runs/hotspot-families-65536-r02-o01-dumi-auto/raw/command.txt	runs/hotspot-families-65536-r02-o01-dumi-auto/raw/stdout.txt	runs/hotspot-families-65536-r02-o01-dumi-auto/raw/stderr.txt	
hotspot-families-65536-r02-o01-dumi-auto-ready	hotspot	families-65536	ready	dumi	auto	2	1	0	0.123483763	0.08	0.03	97%	16384	c908b92b7207bad7603f8cee44aca166739430e31ec604a9ad9149a803c0c412	65536	3cf8a6517636d42763c094c7fbcf14b2785942b6e1adc4541843335e0a82f44d	coordinate	594349	5b7b038928112f3e7d0b25eafcdf61d34ddc0ca09a255f7cc33d05145592467b	1	43e376761b9eee1f83af202748aefe5b4a162610442db37be3291c635a6f75f0	65536	3cf8a6517636d42763c094c7fbcf14b2785942b6e1adc4541843335e0a82f44d	1	43e376761b9eee1f83af202748aefe5b4a162610442db37be3291c635a6f75f0	runs/hotspot-families-65536-r02-o01-dumi-auto/ready/command.txt	runs/hotspot-families-65536-r02-o01-dumi-auto/ready/stdout.txt	runs/hotspot-families-65536-r02-o01-dumi-auto/ready/stderr.txt	
hotspot-families-65536-r02-o02-dumi-on-raw	hotspot	families-65536	raw	dumi	on	2	2	0	3.388929064	8.65	0.58	273%	504900	c908b92b7207bad7603f8cee44aca166739430e31ec604a9ad9149a803c0c412	65536	3cf8a6517636d42763c094c7fbcf14b2785942b6e1adc4541843335e0a82f44d	unsorted	610405	5f28df6bc24ea63cda9b243b9ddcf5e8c418812168c8286ee67c3e4f1c6c3e26	1	43e376761b9eee1f83af202748aefe5b4a162610442db37be3291c635a6f75f0	65536	3cf8a6517636d42763c094c7fbcf14b2785942b6e1adc4541843335e0a82f44d	1	43e376761b9eee1f83af202748aefe5b4a162610442db37be3291c635a6f75f0	runs/hotspot-families-65536-r02-o02-dumi-on/raw/command.txt	runs/hotspot-families-65536-r02-o02-dumi-on/raw/stdout.txt	runs/hotspot-families-65536-r02-o02-dumi-on/raw/stderr.txt	
hotspot-families-65536-r02-o02-dumi-on-ready	hotspot	families-65536	ready	dumi	on	2	2	0	0.124191980	0.08	0.03	97%	16384	c908b92b7207bad7603f8cee44aca166739430e31ec604a9ad9149a803c0c412	65536	3cf8a6517636d42763c094c7fbcf14b2785942b6e1adc4541843335e0a82f44d	coordinate	594347	2096eee56e5a76a9de8b00e5b34ff483ed3fe8a9dbaa1993140872bc4f9b626c	1	43e376761b9eee1f83af202748aefe5b4a162610442db37be3291c635a6f75f0	65536	3cf8a6517636d42763c094c7fbcf14b2785942b6e1adc4541843335e0a82f44d	1	43e376761b9eee1f83af202748aefe5b4a162610442db37be3291c635a6f75f0	runs/hotspot-families-65536-r02-o02-dumi-on/ready/command.txt	runs/hotspot-families-65536-r02-o02-dumi-on/ready/stdout.txt	runs/hotspot-families-65536-r02-o02-dumi-on/ready/stderr.txt	
hotspot-families-65536-r02-o03-dumi-off-raw	hotspot	families-65536	raw	dumi	off	2	3	0	3.726010398	11.16	0.68	317%	442368	c908b92b7207bad7603f8cee44aca166739430e31ec604a9ad9149a803c0c412	65536	3cf8a6517636d42763c094c7fbcf14b2785942b6e1adc4541843335e0a82f44d	coordinate	640137	5ec3d40d3fa592b7367dec66283170325af3cca105e39046b50eea857c7332ff	1	43e376761b9eee1f83af202748aefe5b4a162610442db37be3291c635a6f75f0	65536	3cf8a6517636d42763c094c7fbcf14b2785942b6e1adc4541843335e0a82f44d	1	43e376761b9eee1f83af202748aefe5b4a162610442db37be3291c635a6f75f0	runs/hotspot-families-65536-r02-o03-dumi-off/raw/command.txt	runs/hotspot-families-65536-r02-o03-dumi-off/raw/stdout.txt	runs/hotspot-families-65536-r02-o03-dumi-off/raw/stderr.txt	
hotspot-families-65536-r02-o03-dumi-off-ready	hotspot	families-65536	ready	dumi	off	2	3	0	0.023113647	0.01	0.00	94%	2048	c908b92b7207bad7603f8cee44aca166739430e31ec604a9ad9149a803c0c412	65536	3cf8a6517636d42763c094c7fbcf14b2785942b6e1adc4541843335e0a82f44d	coordinate	640137	5ec3d40d3fa592b7367dec66283170325af3cca105e39046b50eea857c7332ff	1	43e376761b9eee1f83af202748aefe5b4a162610442db37be3291c635a6f75f0	65536	3cf8a6517636d42763c094c7fbcf14b2785942b6e1adc4541843335e0a82f44d	1	43e376761b9eee1f83af202748aefe5b4a162610442db37be3291c635a6f75f0	runs/hotspot-families-65536-r02-o03-dumi-off/ready/command.txt	runs/hotspot-families-65536-r02-o03-dumi-off/ready/stdout.txt	runs/hotspot-families-65536-r02-o03-dumi-off/ready/stderr.txt	
hotspot-families-65536-r02-o04-canonical-upstream-raw	hotspot	families-65536	raw	canonical-upstream	legacy	2	4	0	4.429052671	12.14	0.68	290%	568104	c908b92b7207bad7603f8cee44aca166739430e31ec604a9ad9149a803c0c412	65536	3cf8a6517636d42763c094c7fbcf14b2785942b6e1adc4541843335e0a82f44d	coordinate	640137	5ec3d40d3fa592b7367dec66283170325af3cca105e39046b50eea857c7332ff	1	43e376761b9eee1f83af202748aefe5b4a162610442db37be3291c635a6f75f0	65536	3cf8a6517636d42763c094c7fbcf14b2785942b6e1adc4541843335e0a82f44d	1	43e376761b9eee1f83af202748aefe5b4a162610442db37be3291c635a6f75f0	runs/hotspot-families-65536-r02-o04-canonical-upstream/raw/command.txt	runs/hotspot-families-65536-r02-o04-canonical-upstream/raw/stdout.txt	runs/hotspot-families-65536-r02-o04-canonical-upstream/raw/stderr.txt	
hotspot-families-65536-r02-o04-canonical-upstream-ready	hotspot	families-65536	ready	canonical-upstream	legacy	2	4	0	0.022356509	0.01	0.00	85%	2048	c908b92b7207bad7603f8cee44aca166739430e31ec604a9ad9149a803c0c412	65536	3cf8a6517636d42763c094c7fbcf14b2785942b6e1adc4541843335e0a82f44d	coordinate	640137	5ec3d40d3fa592b7367dec66283170325af3cca105e39046b50eea857c7332ff	1	43e376761b9eee1f83af202748aefe5b4a162610442db37be3291c635a6f75f0	65536	3cf8a6517636d42763c094c7fbcf14b2785942b6e1adc4541843335e0a82f44d	1	43e376761b9eee1f83af202748aefe5b4a162610442db37be3291c635a6f75f0	runs/hotspot-families-65536-r02-o04-canonical-upstream/ready/command.txt	runs/hotspot-families-65536-r02-o04-canonical-upstream/ready/stdout.txt	runs/hotspot-families-65536-r02-o04-canonical-upstream/ready/stderr.txt	
hotspot-families-65536-r03-o01-dumi-on-raw	hotspot	families-65536	raw	dumi	on	3	1	0	3.531661410	8.00	0.74	248%	475804	c908b92b7207bad7603f8cee44aca166739430e31ec604a9ad9149a803c0c412	65536	3cf8a6517636d42763c094c7fbcf14b2785942b6e1adc4541843335e0a82f44d	unsorted	610405	5f28df6bc24ea63cda9b243b9ddcf5e8c418812168c8286ee67c3e4f1c6c3e26	1	43e376761b9eee1f83af202748aefe5b4a162610442db37be3291c635a6f75f0	65536	3cf8a6517636d42763c094c7fbcf14b2785942b6e1adc4541843335e0a82f44d	1	43e376761b9eee1f83af202748aefe5b4a162610442db37be3291c635a6f75f0	runs/hotspot-families-65536-r03-o01-dumi-on/raw/command.txt	runs/hotspot-families-65536-r03-o01-dumi-on/raw/stdout.txt	runs/hotspot-families-65536-r03-o01-dumi-on/raw/stderr.txt	
hotspot-families-65536-r03-o01-dumi-on-ready	hotspot	families-65536	ready	dumi	on	3	1	0	0.122605465	0.08	0.03	97%	16384	c908b92b7207bad7603f8cee44aca166739430e31ec604a9ad9149a803c0c412	65536	3cf8a6517636d42763c094c7fbcf14b2785942b6e1adc4541843335e0a82f44d	coordinate	594347	fb07064f1eccd67a58687d9022650c892b0d4d75c293ec6ab0b204137cb57349	1	43e376761b9eee1f83af202748aefe5b4a162610442db37be3291c635a6f75f0	65536	3cf8a6517636d42763c094c7fbcf14b2785942b6e1adc4541843335e0a82f44d	1	43e376761b9eee1f83af202748aefe5b4a162610442db37be3291c635a6f75f0	runs/hotspot-families-65536-r03-o01-dumi-on/ready/command.txt	runs/hotspot-families-65536-r03-o01-dumi-on/ready/stdout.txt	runs/hotspot-families-65536-r03-o01-dumi-on/ready/stderr.txt	
hotspot-families-65536-r03-o02-dumi-off-raw	hotspot	families-65536	raw	dumi	off	3	2	0	3.651229962	10.98	0.66	319%	449856	c908b92b7207bad7603f8cee44aca166739430e31ec604a9ad9149a803c0c412	65536	3cf8a6517636d42763c094c7fbcf14b2785942b6e1adc4541843335e0a82f44d	coordinate	640137	5ec3d40d3fa592b7367dec66283170325af3cca105e39046b50eea857c7332ff	1	43e376761b9eee1f83af202748aefe5b4a162610442db37be3291c635a6f75f0	65536	3cf8a6517636d42763c094c7fbcf14b2785942b6e1adc4541843335e0a82f44d	1	43e376761b9eee1f83af202748aefe5b4a162610442db37be3291c635a6f75f0	runs/hotspot-families-65536-r03-o02-dumi-off/raw/command.txt	runs/hotspot-families-65536-r03-o02-dumi-off/raw/stdout.txt	runs/hotspot-families-65536-r03-o02-dumi-off/raw/stderr.txt	
hotspot-families-65536-r03-o02-dumi-off-ready	hotspot	families-65536	ready	dumi	off	3	2	0	0.015789538	0.00	0.00	76%	2048	c908b92b7207bad7603f8cee44aca166739430e31ec604a9ad9149a803c0c412	65536	3cf8a6517636d42763c094c7fbcf14b2785942b6e1adc4541843335e0a82f44d	coordinate	640137	5ec3d40d3fa592b7367dec66283170325af3cca105e39046b50eea857c7332ff	1	43e376761b9eee1f83af202748aefe5b4a162610442db37be3291c635a6f75f0	65536	3cf8a6517636d42763c094c7fbcf14b2785942b6e1adc4541843335e0a82f44d	1	43e376761b9eee1f83af202748aefe5b4a162610442db37be3291c635a6f75f0	runs/hotspot-families-65536-r03-o02-dumi-off/ready/command.txt	runs/hotspot-families-65536-r03-o02-dumi-off/ready/stdout.txt	runs/hotspot-families-65536-r03-o02-dumi-off/ready/stderr.txt	
hotspot-families-65536-r03-o03-canonical-upstream-raw	hotspot	families-65536	raw	canonical-upstream	legacy	3	3	0	4.540913342	11.95	0.75	280%	570436	c908b92b7207bad7603f8cee44aca166739430e31ec604a9ad9149a803c0c412	65536	3cf8a6517636d42763c094c7fbcf14b2785942b6e1adc4541843335e0a82f44d	coordinate	640137	5ec3d40d3fa592b7367dec66283170325af3cca105e39046b50eea857c7332ff	1	43e376761b9eee1f83af202748aefe5b4a162610442db37be3291c635a6f75f0	65536	3cf8a6517636d42763c094c7fbcf14b2785942b6e1adc4541843335e0a82f44d	1	43e376761b9eee1f83af202748aefe5b4a162610442db37be3291c635a6f75f0	runs/hotspot-families-65536-r03-o03-canonical-upstream/raw/command.txt	runs/hotspot-families-65536-r03-o03-canonical-upstream/raw/stdout.txt	runs/hotspot-families-65536-r03-o03-canonical-upstream/raw/stderr.txt	
hotspot-families-65536-r03-o03-canonical-upstream-ready	hotspot	families-65536	ready	canonical-upstream	legacy	3	3	0	0.021763156	0.01	0.00	94%	2048	c908b92b7207bad7603f8cee44aca166739430e31ec604a9ad9149a803c0c412	65536	3cf8a6517636d42763c094c7fbcf14b2785942b6e1adc4541843335e0a82f44d	coordinate	640137	5ec3d40d3fa592b7367dec66283170325af3cca105e39046b50eea857c7332ff	1	43e376761b9eee1f83af202748aefe5b4a162610442db37be3291c635a6f75f0	65536	3cf8a6517636d42763c094c7fbcf14b2785942b6e1adc4541843335e0a82f44d	1	43e376761b9eee1f83af202748aefe5b4a162610442db37be3291c635a6f75f0	runs/hotspot-families-65536-r03-o03-canonical-upstream/ready/command.txt	runs/hotspot-families-65536-r03-o03-canonical-upstream/ready/stdout.txt	runs/hotspot-families-65536-r03-o03-canonical-upstream/ready/stderr.txt	
hotspot-families-65536-r03-o04-dumi-auto-raw	hotspot	families-65536	raw	dumi	auto	3	4	0	3.750378405	8.11	0.87	239%	450896	c908b92b7207bad7603f8cee44aca166739430e31ec604a9ad9149a803c0c412	65536	3cf8a6517636d42763c094c7fbcf14b2785942b6e1adc4541843335e0a82f44d	unsorted	610405	5f28df6bc24ea63cda9b243b9ddcf5e8c418812168c8286ee67c3e4f1c6c3e26	1	43e376761b9eee1f83af202748aefe5b4a162610442db37be3291c635a6f75f0	65536	3cf8a6517636d42763c094c7fbcf14b2785942b6e1adc4541843335e0a82f44d	1	43e376761b9eee1f83af202748aefe5b4a162610442db37be3291c635a6f75f0	runs/hotspot-families-65536-r03-o04-dumi-auto/raw/command.txt	runs/hotspot-families-65536-r03-o04-dumi-auto/raw/stdout.txt	runs/hotspot-families-65536-r03-o04-dumi-auto/raw/stderr.txt	
hotspot-families-65536-r03-o04-dumi-auto-ready	hotspot	families-65536	ready	dumi	auto	3	4	0	0.109735238	0.07	0.02	98%	16384	c908b92b7207bad7603f8cee44aca166739430e31ec604a9ad9149a803c0c412	65536	3cf8a6517636d42763c094c7fbcf14b2785942b6e1adc4541843335e0a82f44d	coordinate	594349	b847b0d2b3d7c0602b70d6a52e6ac81f1e154ba5c21a7f1abc1fbb408b8418d3	1	43e376761b9eee1f83af202748aefe5b4a162610442db37be3291c635a6f75f0	65536	3cf8a6517636d42763c094c7fbcf14b2785942b6e1adc4541843335e0a82f44d	1	43e376761b9eee1f83af202748aefe5b4a162610442db37be3291c635a6f75f0	runs/hotspot-families-65536-r03-o04-dumi-auto/ready/command.txt	runs/hotspot-families-65536-r03-o04-dumi-auto/ready/stdout.txt	runs/hotspot-families-65536-r03-o04-dumi-auto/ready/stderr.txt	
hotspot-families-65536-r04-o01-dumi-off-raw	hotspot	families-65536	raw	dumi	off	4	1	0	4.027774397	11.61	0.77	307%	448716	c908b92b7207bad7603f8cee44aca166739430e31ec604a9ad9149a803c0c412	65536	3cf8a6517636d42763c094c7fbcf14b2785942b6e1adc4541843335e0a82f44d	coordinate	640137	5ec3d40d3fa592b7367dec66283170325af3cca105e39046b50eea857c7332ff	1	43e376761b9eee1f83af202748aefe5b4a162610442db37be3291c635a6f75f0	65536	3cf8a6517636d42763c094c7fbcf14b2785942b6e1adc4541843335e0a82f44d	1	43e376761b9eee1f83af202748aefe5b4a162610442db37be3291c635a6f75f0	runs/hotspot-families-65536-r04-o01-dumi-off/raw/command.txt	runs/hotspot-families-65536-r04-o01-dumi-off/raw/stdout.txt	runs/hotspot-families-65536-r04-o01-dumi-off/raw/stderr.txt	
hotspot-families-65536-r04-o01-dumi-off-ready	hotspot	families-65536	ready	dumi	off	4	1	0	0.023516633	0.01	0.00	95%	2048	c908b92b7207bad7603f8cee44aca166739430e31ec604a9ad9149a803c0c412	65536	3cf8a6517636d42763c094c7fbcf14b2785942b6e1adc4541843335e0a82f44d	coordinate	640137	5ec3d40d3fa592b7367dec66283170325af3cca105e39046b50eea857c7332ff	1	43e376761b9eee1f83af202748aefe5b4a162610442db37be3291c635a6f75f0	65536	3cf8a6517636d42763c094c7fbcf14b2785942b6e1adc4541843335e0a82f44d	1	43e376761b9eee1f83af202748aefe5b4a162610442db37be3291c635a6f75f0	runs/hotspot-families-65536-r04-o01-dumi-off/ready/command.txt	runs/hotspot-families-65536-r04-o01-dumi-off/ready/stdout.txt	runs/hotspot-families-65536-r04-o01-dumi-off/ready/stderr.txt	
hotspot-families-65536-r04-o02-canonical-upstream-raw	hotspot	families-65536	raw	canonical-upstream	legacy	4	2	0	4.401190118	11.80	0.67	283%	571608	c908b92b7207bad7603f8cee44aca166739430e31ec604a9ad9149a803c0c412	65536	3cf8a6517636d42763c094c7fbcf14b2785942b6e1adc4541843335e0a82f44d	coordinate	640137	5ec3d40d3fa592b7367dec66283170325af3cca105e39046b50eea857c7332ff	1	43e376761b9eee1f83af202748aefe5b4a162610442db37be3291c635a6f75f0	65536	3cf8a6517636d42763c094c7fbcf14b2785942b6e1adc4541843335e0a82f44d	1	43e376761b9eee1f83af202748aefe5b4a162610442db37be3291c635a6f75f0	runs/hotspot-families-65536-r04-o02-canonical-upstream/raw/command.txt	runs/hotspot-families-65536-r04-o02-canonical-upstream/raw/stdout.txt	runs/hotspot-families-65536-r04-o02-canonical-upstream/raw/stderr.txt	
hotspot-families-65536-r04-o02-canonical-upstream-ready	hotspot	families-65536	ready	canonical-upstream	legacy	4	2	0	0.023395347	0.01	0.00	90%	2048	c908b92b7207bad7603f8cee44aca166739430e31ec604a9ad9149a803c0c412	65536	3cf8a6517636d42763c094c7fbcf14b2785942b6e1adc4541843335e0a82f44d	coordinate	640137	5ec3d40d3fa592b7367dec66283170325af3cca105e39046b50eea857c7332ff	1	43e376761b9eee1f83af202748aefe5b4a162610442db37be3291c635a6f75f0	65536	3cf8a6517636d42763c094c7fbcf14b2785942b6e1adc4541843335e0a82f44d	1	43e376761b9eee1f83af202748aefe5b4a162610442db37be3291c635a6f75f0	runs/hotspot-families-65536-r04-o02-canonical-upstream/ready/command.txt	runs/hotspot-families-65536-r04-o02-canonical-upstream/ready/stdout.txt	runs/hotspot-families-65536-r04-o02-canonical-upstream/ready/stderr.txt	
hotspot-families-65536-r04-o03-dumi-auto-raw	hotspot	families-65536	raw	dumi	auto	4	3	0	3.484492687	8.04	0.79	253%	468164	c908b92b7207bad7603f8cee44aca166739430e31ec604a9ad9149a803c0c412	65536	3cf8a6517636d42763c094c7fbcf14b2785942b6e1adc4541843335e0a82f44d	unsorted	610405	5f28df6bc24ea63cda9b243b9ddcf5e8c418812168c8286ee67c3e4f1c6c3e26	1	43e376761b9eee1f83af202748aefe5b4a162610442db37be3291c635a6f75f0	65536	3cf8a6517636d42763c094c7fbcf14b2785942b6e1adc4541843335e0a82f44d	1	43e376761b9eee1f83af202748aefe5b4a162610442db37be3291c635a6f75f0	runs/hotspot-families-65536-r04-o03-dumi-auto/raw/command.txt	runs/hotspot-families-65536-r04-o03-dumi-auto/raw/stdout.txt	runs/hotspot-families-65536-r04-o03-dumi-auto/raw/stderr.txt	
hotspot-families-65536-r04-o03-dumi-auto-ready	hotspot	families-65536	ready	dumi	auto	4	3	0	0.103389848	0.07	0.02	98%	16384	c908b92b7207bad7603f8cee44aca166739430e31ec604a9ad9149a803c0c412	65536	3cf8a6517636d42763c094c7fbcf14b2785942b6e1adc4541843335e0a82f44d	coordinate	594349	60138888dd4fb44a79f399555a75c4ee387ee5d4e247b9978eb467eb25135731	1	43e376761b9eee1f83af202748aefe5b4a162610442db37be3291c635a6f75f0	65536	3cf8a6517636d42763c094c7fbcf14b2785942b6e1adc4541843335e0a82f44d	1	43e376761b9eee1f83af202748aefe5b4a162610442db37be3291c635a6f75f0	runs/hotspot-families-65536-r04-o03-dumi-auto/ready/command.txt	runs/hotspot-families-65536-r04-o03-dumi-auto/ready/stdout.txt	runs/hotspot-families-65536-r04-o03-dumi-auto/ready/stderr.txt	
hotspot-families-65536-r04-o04-dumi-on-raw	hotspot	families-65536	raw	dumi	on	4	4	0	3.481354106	8.42	0.67	261%	476272	c908b92b7207bad7603f8cee44aca166739430e31ec604a9ad9149a803c0c412	65536	3cf8a6517636d42763c094c7fbcf14b2785942b6e1adc4541843335e0a82f44d	unsorted	610405	5f28df6bc24ea63cda9b243b9ddcf5e8c418812168c8286ee67c3e4f1c6c3e26	1	43e376761b9eee1f83af202748aefe5b4a162610442db37be3291c635a6f75f0	65536	3cf8a6517636d42763c094c7fbcf14b2785942b6e1adc4541843335e0a82f44d	1	43e376761b9eee1f83af202748aefe5b4a162610442db37be3291c635a6f75f0	runs/hotspot-families-65536-r04-o04-dumi-on/raw/command.txt	runs/hotspot-families-65536-r04-o04-dumi-on/raw/stdout.txt	runs/hotspot-families-65536-r04-o04-dumi-on/raw/stderr.txt	
hotspot-families-65536-r04-o04-dumi-on-ready	hotspot	families-65536	ready	dumi	on	4	4	0	0.130571743	0.08	0.02	97%	16384	c908b92b7207bad7603f8cee44aca166739430e31ec604a9ad9149a803c0c412	65536	3cf8a6517636d42763c094c7fbcf14b2785942b6e1adc4541843335e0a82f44d	coordinate	594347	0daf525a5ae9f59e7dca3ceee746feda17a57e02edf32f4e922e89668809d4dc	1	43e376761b9eee1f83af202748aefe5b4a162610442db37be3291c635a6f75f0	65536	3cf8a6517636d42763c094c7fbcf14b2785942b6e1adc4541843335e0a82f44d	1	43e376761b9eee1f83af202748aefe5b4a162610442db37be3291c635a6f75f0	runs/hotspot-families-65536-r04-o04-dumi-on/ready/command.txt	runs/hotspot-families-65536-r04-o04-dumi-on/ready/stdout.txt	runs/hotspot-families-65536-r04-o04-dumi-on/ready/stderr.txt	
hotspot-families-65536-r05-o01-canonical-upstream-raw	hotspot	families-65536	raw	canonical-upstream	legacy	5	1	0	4.538459266	12.05	0.70	281%	569252	c908b92b7207bad7603f8cee44aca166739430e31ec604a9ad9149a803c0c412	65536	3cf8a6517636d42763c094c7fbcf14b2785942b6e1adc4541843335e0a82f44d	coordinate	640137	5ec3d40d3fa592b7367dec66283170325af3cca105e39046b50eea857c7332ff	1	43e376761b9eee1f83af202748aefe5b4a162610442db37be3291c635a6f75f0	65536	3cf8a6517636d42763c094c7fbcf14b2785942b6e1adc4541843335e0a82f44d	1	43e376761b9eee1f83af202748aefe5b4a162610442db37be3291c635a6f75f0	runs/hotspot-families-65536-r05-o01-canonical-upstream/raw/command.txt	runs/hotspot-families-65536-r05-o01-canonical-upstream/raw/stdout.txt	runs/hotspot-families-65536-r05-o01-canonical-upstream/raw/stderr.txt	
hotspot-families-65536-r05-o01-canonical-upstream-ready	hotspot	families-65536	ready	canonical-upstream	legacy	5	1	0	0.022373560	0.01	0.00	89%	2048	c908b92b7207bad7603f8cee44aca166739430e31ec604a9ad9149a803c0c412	65536	3cf8a6517636d42763c094c7fbcf14b2785942b6e1adc4541843335e0a82f44d	coordinate	640137	5ec3d40d3fa592b7367dec66283170325af3cca105e39046b50eea857c7332ff	1	43e376761b9eee1f83af202748aefe5b4a162610442db37be3291c635a6f75f0	65536	3cf8a6517636d42763c094c7fbcf14b2785942b6e1adc4541843335e0a82f44d	1	43e376761b9eee1f83af202748aefe5b4a162610442db37be3291c635a6f75f0	runs/hotspot-families-65536-r05-o01-canonical-upstream/ready/command.txt	runs/hotspot-families-65536-r05-o01-canonical-upstream/ready/stdout.txt	runs/hotspot-families-65536-r05-o01-canonical-upstream/ready/stderr.txt	
hotspot-families-65536-r05-o02-dumi-auto-raw	hotspot	families-65536	raw	dumi	auto	5	2	0	3.525852545	8.85	0.66	270%	512588	c908b92b7207bad7603f8cee44aca166739430e31ec604a9ad9149a803c0c412	65536	3cf8a6517636d42763c094c7fbcf14b2785942b6e1adc4541843335e0a82f44d	unsorted	610405	5f28df6bc24ea63cda9b243b9ddcf5e8c418812168c8286ee67c3e4f1c6c3e26	1	43e376761b9eee1f83af202748aefe5b4a162610442db37be3291c635a6f75f0	65536	3cf8a6517636d42763c094c7fbcf14b2785942b6e1adc4541843335e0a82f44d	1	43e376761b9eee1f83af202748aefe5b4a162610442db37be3291c635a6f75f0	runs/hotspot-families-65536-r05-o02-dumi-auto/raw/command.txt	runs/hotspot-families-65536-r05-o02-dumi-auto/raw/stdout.txt	runs/hotspot-families-65536-r05-o02-dumi-auto/raw/stderr.txt	
hotspot-families-65536-r05-o02-dumi-auto-ready	hotspot	families-65536	ready	dumi	auto	5	2	0	0.123681823	0.08	0.03	97%	16384	c908b92b7207bad7603f8cee44aca166739430e31ec604a9ad9149a803c0c412	65536	3cf8a6517636d42763c094c7fbcf14b2785942b6e1adc4541843335e0a82f44d	coordinate	594349	adcb4023a405fafa3b45b9b8a9e12ea59686972b15095511290f88afb2b8f74b	1	43e376761b9eee1f83af202748aefe5b4a162610442db37be3291c635a6f75f0	65536	3cf8a6517636d42763c094c7fbcf14b2785942b6e1adc4541843335e0a82f44d	1	43e376761b9eee1f83af202748aefe5b4a162610442db37be3291c635a6f75f0	runs/hotspot-families-65536-r05-o02-dumi-auto/ready/command.txt	runs/hotspot-families-65536-r05-o02-dumi-auto/ready/stdout.txt	runs/hotspot-families-65536-r05-o02-dumi-auto/ready/stderr.txt	
hotspot-families-65536-r05-o03-dumi-on-raw	hotspot	families-65536	raw	dumi	on	5	3	0	3.449170411	8.32	0.65	260%	468904	c908b92b7207bad7603f8cee44aca166739430e31ec604a9ad9149a803c0c412	65536	3cf8a6517636d42763c094c7fbcf14b2785942b6e1adc4541843335e0a82f44d	unsorted	610405	5f28df6bc24ea63cda9b243b9ddcf5e8c418812168c8286ee67c3e4f1c6c3e26	1	43e376761b9eee1f83af202748aefe5b4a162610442db37be3291c635a6f75f0	65536	3cf8a6517636d42763c094c7fbcf14b2785942b6e1adc4541843335e0a82f44d	1	43e376761b9eee1f83af202748aefe5b4a162610442db37be3291c635a6f75f0	runs/hotspot-families-65536-r05-o03-dumi-on/raw/command.txt	runs/hotspot-families-65536-r05-o03-dumi-on/raw/stdout.txt	runs/hotspot-families-65536-r05-o03-dumi-on/raw/stderr.txt	
hotspot-families-65536-r05-o03-dumi-on-ready	hotspot	families-65536	ready	dumi	on	5	3	0	0.110482820	0.08	0.02	98%	16384	c908b92b7207bad7603f8cee44aca166739430e31ec604a9ad9149a803c0c412	65536	3cf8a6517636d42763c094c7fbcf14b2785942b6e1adc4541843335e0a82f44d	coordinate	594347	1ab364b740ea67bef5780cb852c316edfa17d266f602d0a110069dc26fadcb04	1	43e376761b9eee1f83af202748aefe5b4a162610442db37be3291c635a6f75f0	65536	3cf8a6517636d42763c094c7fbcf14b2785942b6e1adc4541843335e0a82f44d	1	43e376761b9eee1f83af202748aefe5b4a162610442db37be3291c635a6f75f0	runs/hotspot-families-65536-r05-o03-dumi-on/ready/command.txt	runs/hotspot-families-65536-r05-o03-dumi-on/ready/stdout.txt	runs/hotspot-families-65536-r05-o03-dumi-on/ready/stderr.txt	
hotspot-families-65536-r05-o04-dumi-off-raw	hotspot	families-65536	raw	dumi	off	5	4	0	3.755740859	10.57	0.74	301%	442368	c908b92b7207bad7603f8cee44aca166739430e31ec604a9ad9149a803c0c412	65536	3cf8a6517636d42763c094c7fbcf14b2785942b6e1adc4541843335e0a82f44d	coordinate	640137	5ec3d40d3fa592b7367dec66283170325af3cca105e39046b50eea857c7332ff	1	43e376761b9eee1f83af202748aefe5b4a162610442db37be3291c635a6f75f0	65536	3cf8a6517636d42763c094c7fbcf14b2785942b6e1adc4541843335e0a82f44d	1	43e376761b9eee1f83af202748aefe5b4a162610442db37be3291c635a6f75f0	runs/hotspot-families-65536-r05-o04-dumi-off/raw/command.txt	runs/hotspot-families-65536-r05-o04-dumi-off/raw/stdout.txt	runs/hotspot-families-65536-r05-o04-dumi-off/raw/stderr.txt	
hotspot-families-65536-r05-o04-dumi-off-ready	hotspot	families-65536	ready	dumi	off	5	4	0	0.022346686	0.01	0.00	94%	2048	c908b92b7207bad7603f8cee44aca166739430e31ec604a9ad9149a803c0c412	65536	3cf8a6517636d42763c094c7fbcf14b2785942b6e1adc4541843335e0a82f44d	coordinate	640137	5ec3d40d3fa592b7367dec66283170325af3cca105e39046b50eea857c7332ff	1	43e376761b9eee1f83af202748aefe5b4a162610442db37be3291c635a6f75f0	65536	3cf8a6517636d42763c094c7fbcf14b2785942b6e1adc4541843335e0a82f44d	1	43e376761b9eee1f83af202748aefe5b4a162610442db37be3291c635a6f75f0	runs/hotspot-families-65536-r05-o04-dumi-off/ready/command.txt	runs/hotspot-families-65536-r05-o04-dumi-off/ready/stdout.txt	runs/hotspot-families-65536-r05-o04-dumi-off/ready/stderr.txt	
hotspot-families-65536-r06-o01-canonical-upstream-raw	hotspot	families-65536	raw	canonical-upstream	legacy	6	1	0	4.548960290	12.59	0.70	292%	557496	c908b92b7207bad7603f8cee44aca166739430e31ec604a9ad9149a803c0c412	65536	3cf8a6517636d42763c094c7fbcf14b2785942b6e1adc4541843335e0a82f44d	coordinate	640137	5ec3d40d3fa592b7367dec66283170325af3cca105e39046b50eea857c7332ff	1	43e376761b9eee1f83af202748aefe5b4a162610442db37be3291c635a6f75f0	65536	3cf8a6517636d42763c094c7fbcf14b2785942b6e1adc4541843335e0a82f44d	1	43e376761b9eee1f83af202748aefe5b4a162610442db37be3291c635a6f75f0	runs/hotspot-families-65536-r06-o01-canonical-upstream/raw/command.txt	runs/hotspot-families-65536-r06-o01-canonical-upstream/raw/stdout.txt	runs/hotspot-families-65536-r06-o01-canonical-upstream/raw/stderr.txt	
hotspot-families-65536-r06-o01-canonical-upstream-ready	hotspot	families-65536	ready	canonical-upstream	legacy	6	1	0	0.022302223	0.01	0.00	89%	2048	c908b92b7207bad7603f8cee44aca166739430e31ec604a9ad9149a803c0c412	65536	3cf8a6517636d42763c094c7fbcf14b2785942b6e1adc4541843335e0a82f44d	coordinate	640137	5ec3d40d3fa592b7367dec66283170325af3cca105e39046b50eea857c7332ff	1	43e376761b9eee1f83af202748aefe5b4a162610442db37be3291c635a6f75f0	65536	3cf8a6517636d42763c094c7fbcf14b2785942b6e1adc4541843335e0a82f44d	1	43e376761b9eee1f83af202748aefe5b4a162610442db37be3291c635a6f75f0	runs/hotspot-families-65536-r06-o01-canonical-upstream/ready/command.txt	runs/hotspot-families-65536-r06-o01-canonical-upstream/ready/stdout.txt	runs/hotspot-families-65536-r06-o01-canonical-upstream/ready/stderr.txt	
hotspot-families-65536-r06-o02-dumi-off-raw	hotspot	families-65536	raw	dumi	off	6	2	0	3.651385372	11.11	0.72	324%	449416	c908b92b7207bad7603f8cee44aca166739430e31ec604a9ad9149a803c0c412	65536	3cf8a6517636d42763c094c7fbcf14b2785942b6e1adc4541843335e0a82f44d	coordinate	640137	5ec3d40d3fa592b7367dec66283170325af3cca105e39046b50eea857c7332ff	1	43e376761b9eee1f83af202748aefe5b4a162610442db37be3291c635a6f75f0	65536	3cf8a6517636d42763c094c7fbcf14b2785942b6e1adc4541843335e0a82f44d	1	43e376761b9eee1f83af202748aefe5b4a162610442db37be3291c635a6f75f0	runs/hotspot-families-65536-r06-o02-dumi-off/raw/command.txt	runs/hotspot-families-65536-r06-o02-dumi-off/raw/stdout.txt	runs/hotspot-families-65536-r06-o02-dumi-off/raw/stderr.txt	
hotspot-families-65536-r06-o02-dumi-off-ready	hotspot	families-65536	ready	dumi	off	6	2	0	0.022626043	0.01	0.00	94%	2048	c908b92b7207bad7603f8cee44aca166739430e31ec604a9ad9149a803c0c412	65536	3cf8a6517636d42763c094c7fbcf14b2785942b6e1adc4541843335e0a82f44d	coordinate	640137	5ec3d40d3fa592b7367dec66283170325af3cca105e39046b50eea857c7332ff	1	43e376761b9eee1f83af202748aefe5b4a162610442db37be3291c635a6f75f0	65536	3cf8a6517636d42763c094c7fbcf14b2785942b6e1adc4541843335e0a82f44d	1	43e376761b9eee1f83af202748aefe5b4a162610442db37be3291c635a6f75f0	runs/hotspot-families-65536-r06-o02-dumi-off/ready/command.txt	runs/hotspot-families-65536-r06-o02-dumi-off/ready/stdout.txt	runs/hotspot-families-65536-r06-o02-dumi-off/ready/stderr.txt	
hotspot-families-65536-r06-o03-dumi-on-raw	hotspot	families-65536	raw	dumi	on	6	3	0	3.302080979	7.41	0.66	244%	482560	c908b92b7207bad7603f8cee44aca166739430e31ec604a9ad9149a803c0c412	65536	3cf8a6517636d42763c094c7fbcf14b2785942b6e1adc4541843335e0a82f44d	unsorted	610405	5f28df6bc24ea63cda9b243b9ddcf5e8c418812168c8286ee67c3e4f1c6c3e26	1	43e376761b9eee1f83af202748aefe5b4a162610442db37be3291c635a6f75f0	65536	3cf8a6517636d42763c094c7fbcf14b2785942b6e1adc4541843335e0a82f44d	1	43e376761b9eee1f83af202748aefe5b4a162610442db37be3291c635a6f75f0	runs/hotspot-families-65536-r06-o03-dumi-on/raw/command.txt	runs/hotspot-families-65536-r06-o03-dumi-on/raw/stdout.txt	runs/hotspot-families-65536-r06-o03-dumi-on/raw/stderr.txt	
hotspot-families-65536-r06-o03-dumi-on-ready	hotspot	families-65536	ready	dumi	on	6	3	0	0.121542292	0.09	0.02	97%	16384	c908b92b7207bad7603f8cee44aca166739430e31ec604a9ad9149a803c0c412	65536	3cf8a6517636d42763c094c7fbcf14b2785942b6e1adc4541843335e0a82f44d	coordinate	594347	600d00efffa29c0627afa72fe800cc9a020793e3c2649f18ee71177812c83522	1	43e376761b9eee1f83af202748aefe5b4a162610442db37be3291c635a6f75f0	65536	3cf8a6517636d42763c094c7fbcf14b2785942b6e1adc4541843335e0a82f44d	1	43e376761b9eee1f83af202748aefe5b4a162610442db37be3291c635a6f75f0	runs/hotspot-families-65536-r06-o03-dumi-on/ready/command.txt	runs/hotspot-families-65536-r06-o03-dumi-on/ready/stdout.txt	runs/hotspot-families-65536-r06-o03-dumi-on/ready/stderr.txt	
hotspot-families-65536-r06-o04-dumi-auto-raw	hotspot	families-65536	raw	dumi	auto	6	4	0	3.406993107	7.94	0.70	253%	484720	c908b92b7207bad7603f8cee44aca166739430e31ec604a9ad9149a803c0c412	65536	3cf8a6517636d42763c094c7fbcf14b2785942b6e1adc4541843335e0a82f44d	unsorted	610405	5f28df6bc24ea63cda9b243b9ddcf5e8c418812168c8286ee67c3e4f1c6c3e26	1	43e376761b9eee1f83af202748aefe5b4a162610442db37be3291c635a6f75f0	65536	3cf8a6517636d42763c094c7fbcf14b2785942b6e1adc4541843335e0a82f44d	1	43e376761b9eee1f83af202748aefe5b4a162610442db37be3291c635a6f75f0	runs/hotspot-families-65536-r06-o04-dumi-auto/raw/command.txt	runs/hotspot-families-65536-r06-o04-dumi-auto/raw/stdout.txt	runs/hotspot-families-65536-r06-o04-dumi-auto/raw/stderr.txt	
hotspot-families-65536-r06-o04-dumi-auto-ready	hotspot	families-65536	ready	dumi	auto	6	4	0	0.110196915	0.07	0.02	96%	16384	c908b92b7207bad7603f8cee44aca166739430e31ec604a9ad9149a803c0c412	65536	3cf8a6517636d42763c094c7fbcf14b2785942b6e1adc4541843335e0a82f44d	coordinate	594349	7a804ee25362a14c4d056ae8bc3811728c31dcf13b486528ecf9dfc78dfe0217	1	43e376761b9eee1f83af202748aefe5b4a162610442db37be3291c635a6f75f0	65536	3cf8a6517636d42763c094c7fbcf14b2785942b6e1adc4541843335e0a82f44d	1	43e376761b9eee1f83af202748aefe5b4a162610442db37be3291c635a6f75f0	runs/hotspot-families-65536-r06-o04-dumi-auto/ready/command.txt	runs/hotspot-families-65536-r06-o04-dumi-auto/ready/stdout.txt	runs/hotspot-families-65536-r06-o04-dumi-auto/ready/stderr.txt	
hotspot-families-65536-r07-o01-dumi-off-raw	hotspot	families-65536	raw	dumi	off	7	1	0	3.611605115	10.74	0.60	314%	445376	c908b92b7207bad7603f8cee44aca166739430e31ec604a9ad9149a803c0c412	65536	3cf8a6517636d42763c094c7fbcf14b2785942b6e1adc4541843335e0a82f44d	coordinate	640137	5ec3d40d3fa592b7367dec66283170325af3cca105e39046b50eea857c7332ff	1	43e376761b9eee1f83af202748aefe5b4a162610442db37be3291c635a6f75f0	65536	3cf8a6517636d42763c094c7fbcf14b2785942b6e1adc4541843335e0a82f44d	1	43e376761b9eee1f83af202748aefe5b4a162610442db37be3291c635a6f75f0	runs/hotspot-families-65536-r07-o01-dumi-off/raw/command.txt	runs/hotspot-families-65536-r07-o01-dumi-off/raw/stdout.txt	runs/hotspot-families-65536-r07-o01-dumi-off/raw/stderr.txt	
hotspot-families-65536-r07-o01-dumi-off-ready	hotspot	families-65536	ready	dumi	off	7	1	0	0.014498764	0.00	0.00	81%	2048	c908b92b7207bad7603f8cee44aca166739430e31ec604a9ad9149a803c0c412	65536	3cf8a6517636d42763c094c7fbcf14b2785942b6e1adc4541843335e0a82f44d	coordinate	640137	5ec3d40d3fa592b7367dec66283170325af3cca105e39046b50eea857c7332ff	1	43e376761b9eee1f83af202748aefe5b4a162610442db37be3291c635a6f75f0	65536	3cf8a6517636d42763c094c7fbcf14b2785942b6e1adc4541843335e0a82f44d	1	43e376761b9eee1f83af202748aefe5b4a162610442db37be3291c635a6f75f0	runs/hotspot-families-65536-r07-o01-dumi-off/ready/command.txt	runs/hotspot-families-65536-r07-o01-dumi-off/ready/stdout.txt	runs/hotspot-families-65536-r07-o01-dumi-off/ready/stderr.txt	
hotspot-families-65536-r07-o02-dumi-on-raw	hotspot	families-65536	raw	dumi	on	7	2	0	3.523490700	7.93	0.61	242%	481196	c908b92b7207bad7603f8cee44aca166739430e31ec604a9ad9149a803c0c412	65536	3cf8a6517636d42763c094c7fbcf14b2785942b6e1adc4541843335e0a82f44d	unsorted	610405	5f28df6bc24ea63cda9b243b9ddcf5e8c418812168c8286ee67c3e4f1c6c3e26	1	43e376761b9eee1f83af202748aefe5b4a162610442db37be3291c635a6f75f0	65536	3cf8a6517636d42763c094c7fbcf14b2785942b6e1adc4541843335e0a82f44d	1	43e376761b9eee1f83af202748aefe5b4a162610442db37be3291c635a6f75f0	runs/hotspot-families-65536-r07-o02-dumi-on/raw/command.txt	runs/hotspot-families-65536-r07-o02-dumi-on/raw/stdout.txt	runs/hotspot-families-65536-r07-o02-dumi-on/raw/stderr.txt	
hotspot-families-65536-r07-o02-dumi-on-ready	hotspot	families-65536	ready	dumi	on	7	2	0	0.123416717	0.08	0.03	97%	16384	c908b92b7207bad7603f8cee44aca166739430e31ec604a9ad9149a803c0c412	65536	3cf8a6517636d42763c094c7fbcf14b2785942b6e1adc4541843335e0a82f44d	coordinate	594347	a345b788cfd9d24b93c4ccb76954a6c7294408fdb0cdff17213a9914834f3f27	1	43e376761b9eee1f83af202748aefe5b4a162610442db37be3291c635a6f75f0	65536	3cf8a6517636d42763c094c7fbcf14b2785942b6e1adc4541843335e0a82f44d	1	43e376761b9eee1f83af202748aefe5b4a162610442db37be3291c635a6f75f0	runs/hotspot-families-65536-r07-o02-dumi-on/ready/command.txt	runs/hotspot-families-65536-r07-o02-dumi-on/ready/stdout.txt	runs/hotspot-families-65536-r07-o02-dumi-on/ready/stderr.txt	
hotspot-families-65536-r07-o03-dumi-auto-raw	hotspot	families-65536	raw	dumi	auto	7	3	0	3.298903656	7.12	0.58	233%	465784	c908b92b7207bad7603f8cee44aca166739430e31ec604a9ad9149a803c0c412	65536	3cf8a6517636d42763c094c7fbcf14b2785942b6e1adc4541843335e0a82f44d	unsorted	610405	5f28df6bc24ea63cda9b243b9ddcf5e8c418812168c8286ee67c3e4f1c6c3e26	1	43e376761b9eee1f83af202748aefe5b4a162610442db37be3291c635a6f75f0	65536	3cf8a6517636d42763c094c7fbcf14b2785942b6e1adc4541843335e0a82f44d	1	43e376761b9eee1f83af202748aefe5b4a162610442db37be3291c635a6f75f0	runs/hotspot-families-65536-r07-o03-dumi-auto/raw/command.txt	runs/hotspot-families-65536-r07-o03-dumi-auto/raw/stdout.txt	runs/hotspot-families-65536-r07-o03-dumi-auto/raw/stderr.txt	
hotspot-families-65536-r07-o03-dumi-auto-ready	hotspot	families-65536	ready	dumi	auto	7	3	0	0.105173958	0.07	0.02	97%	16384	c908b92b7207bad7603f8cee44aca166739430e31ec604a9ad9149a803c0c412	65536	3cf8a6517636d42763c094c7fbcf14b2785942b6e1adc4541843335e0a82f44d	coordinate	594349	d530d08d89bc69c69ebde0ea4d3a94f7aa5c5a2fa47787fc3cd3d5cbf88f134c	1	43e376761b9eee1f83af202748aefe5b4a162610442db37be3291c635a6f75f0	65536	3cf8a6517636d42763c094c7fbcf14b2785942b6e1adc4541843335e0a82f44d	1	43e376761b9eee1f83af202748aefe5b4a162610442db37be3291c635a6f75f0	runs/hotspot-families-65536-r07-o03-dumi-auto/ready/command.txt	runs/hotspot-families-65536-r07-o03-dumi-auto/ready/stdout.txt	runs/hotspot-families-65536-r07-o03-dumi-auto/ready/stderr.txt	
hotspot-families-65536-r07-o04-canonical-upstream-raw	hotspot	families-65536	raw	canonical-upstream	legacy	7	4	0	4.709461320	12.35	0.81	279%	601828	c908b92b7207bad7603f8cee44aca166739430e31ec604a9ad9149a803c0c412	65536	3cf8a6517636d42763c094c7fbcf14b2785942b6e1adc4541843335e0a82f44d	coordinate	640137	5ec3d40d3fa592b7367dec66283170325af3cca105e39046b50eea857c7332ff	1	43e376761b9eee1f83af202748aefe5b4a162610442db37be3291c635a6f75f0	65536	3cf8a6517636d42763c094c7fbcf14b2785942b6e1adc4541843335e0a82f44d	1	43e376761b9eee1f83af202748aefe5b4a162610442db37be3291c635a6f75f0	runs/hotspot-families-65536-r07-o04-canonical-upstream/raw/command.txt	runs/hotspot-families-65536-r07-o04-canonical-upstream/raw/stdout.txt	runs/hotspot-families-65536-r07-o04-canonical-upstream/raw/stderr.txt	
hotspot-families-65536-r07-o04-canonical-upstream-ready	hotspot	families-65536	ready	canonical-upstream	legacy	7	4	0	0.022731940	0.01	0.00	94%	2048	c908b92b7207bad7603f8cee44aca166739430e31ec604a9ad9149a803c0c412	65536	3cf8a6517636d42763c094c7fbcf14b2785942b6e1adc4541843335e0a82f44d	coordinate	640137	5ec3d40d3fa592b7367dec66283170325af3cca105e39046b50eea857c7332ff	1	43e376761b9eee1f83af202748aefe5b4a162610442db37be3291c635a6f75f0	65536	3cf8a6517636d42763c094c7fbcf14b2785942b6e1adc4541843335e0a82f44d	1	43e376761b9eee1f83af202748aefe5b4a162610442db37be3291c635a6f75f0	runs/hotspot-families-65536-r07-o04-canonical-upstream/ready/command.txt	runs/hotspot-families-65536-r07-o04-canonical-upstream/ready/stdout.txt	runs/hotspot-families-65536-r07-o04-canonical-upstream/ready/stderr.txt	
paired-references-10-r01-o01-dumi-auto-raw	paired	references-10	raw	dumi	auto	1	1	0	0.248376344	0.40	0.07	194%	59392	f46cbee3b054db041c9999556cb93a235335f772f659994621fb337dfc46e985	100	624aeb2d2500f232627a64f5d1e7c131ab8774de141e2cc1aa28bc58f5c036fc	coordinate	1774	04687cdb1786aa5f82f60d97ba33b03177d0a8a3c0b0935ce97c3812a6c3a04c	10	f6217beb67a6285781b26fde120aa3a094be1b9152fdd17b2f71ddf81233ed6c	100	624aeb2d2500f232627a64f5d1e7c131ab8774de141e2cc1aa28bc58f5c036fc	10	f6217beb67a6285781b26fde120aa3a094be1b9152fdd17b2f71ddf81233ed6c	runs/paired-references-10-r01-o01-dumi-auto/raw/command.txt	runs/paired-references-10-r01-o01-dumi-auto/raw/stdout.txt	runs/paired-references-10-r01-o01-dumi-auto/raw/stderr.txt	
paired-references-10-r01-o01-dumi-auto-ready	paired	references-10	ready	dumi	auto	1	1	0	0.008281750	0.00	0.00	60%	2048	f46cbee3b054db041c9999556cb93a235335f772f659994621fb337dfc46e985	100	624aeb2d2500f232627a64f5d1e7c131ab8774de141e2cc1aa28bc58f5c036fc	coordinate	1774	04687cdb1786aa5f82f60d97ba33b03177d0a8a3c0b0935ce97c3812a6c3a04c	10	f6217beb67a6285781b26fde120aa3a094be1b9152fdd17b2f71ddf81233ed6c	100	624aeb2d2500f232627a64f5d1e7c131ab8774de141e2cc1aa28bc58f5c036fc	10	f6217beb67a6285781b26fde120aa3a094be1b9152fdd17b2f71ddf81233ed6c	runs/paired-references-10-r01-o01-dumi-auto/ready/command.txt	runs/paired-references-10-r01-o01-dumi-auto/ready/stdout.txt	runs/paired-references-10-r01-o01-dumi-auto/ready/stderr.txt	
paired-references-10-r01-o02-dumi-off-raw	paired	references-10	raw	dumi	off	1	2	0	0.266744601	0.42	0.07	190%	55296	f46cbee3b054db041c9999556cb93a235335f772f659994621fb337dfc46e985	100	624aeb2d2500f232627a64f5d1e7c131ab8774de141e2cc1aa28bc58f5c036fc	coordinate	1774	04687cdb1786aa5f82f60d97ba33b03177d0a8a3c0b0935ce97c3812a6c3a04c	10	f6217beb67a6285781b26fde120aa3a094be1b9152fdd17b2f71ddf81233ed6c	100	624aeb2d2500f232627a64f5d1e7c131ab8774de141e2cc1aa28bc58f5c036fc	10	f6217beb67a6285781b26fde120aa3a094be1b9152fdd17b2f71ddf81233ed6c	runs/paired-references-10-r01-o02-dumi-off/raw/command.txt	runs/paired-references-10-r01-o02-dumi-off/raw/stdout.txt	runs/paired-references-10-r01-o02-dumi-off/raw/stderr.txt	
paired-references-10-r01-o02-dumi-off-ready	paired	references-10	ready	dumi	off	1	2	0	0.007114092	0.00	0.00	50%	2048	f46cbee3b054db041c9999556cb93a235335f772f659994621fb337dfc46e985	100	624aeb2d2500f232627a64f5d1e7c131ab8774de141e2cc1aa28bc58f5c036fc	coordinate	1774	04687cdb1786aa5f82f60d97ba33b03177d0a8a3c0b0935ce97c3812a6c3a04c	10	f6217beb67a6285781b26fde120aa3a094be1b9152fdd17b2f71ddf81233ed6c	100	624aeb2d2500f232627a64f5d1e7c131ab8774de141e2cc1aa28bc58f5c036fc	10	f6217beb67a6285781b26fde120aa3a094be1b9152fdd17b2f71ddf81233ed6c	runs/paired-references-10-r01-o02-dumi-off/ready/command.txt	runs/paired-references-10-r01-o02-dumi-off/ready/stdout.txt	runs/paired-references-10-r01-o02-dumi-off/ready/stderr.txt	
paired-references-10-r01-o03-intermediate-pr32-raw	paired	references-10	raw	intermediate-pr32	legacy	1	3	0	0.232366621	0.33	0.08	184%	53248	f46cbee3b054db041c9999556cb93a235335f772f659994621fb337dfc46e985	100	624aeb2d2500f232627a64f5d1e7c131ab8774de141e2cc1aa28bc58f5c036fc	coordinate	1774	04687cdb1786aa5f82f60d97ba33b03177d0a8a3c0b0935ce97c3812a6c3a04c	10	f6217beb67a6285781b26fde120aa3a094be1b9152fdd17b2f71ddf81233ed6c	100	624aeb2d2500f232627a64f5d1e7c131ab8774de141e2cc1aa28bc58f5c036fc	10	f6217beb67a6285781b26fde120aa3a094be1b9152fdd17b2f71ddf81233ed6c	runs/paired-references-10-r01-o03-intermediate-pr32/raw/command.txt	runs/paired-references-10-r01-o03-intermediate-pr32/raw/stdout.txt	runs/paired-references-10-r01-o03-intermediate-pr32/raw/stderr.txt	
paired-references-10-r01-o03-intermediate-pr32-ready	paired	references-10	ready	intermediate-pr32	legacy	1	3	0	0.007879205	0.00	0.00	60%	2048	f46cbee3b054db041c9999556cb93a235335f772f659994621fb337dfc46e985	100	624aeb2d2500f232627a64f5d1e7c131ab8774de141e2cc1aa28bc58f5c036fc	coordinate	1774	04687cdb1786aa5f82f60d97ba33b03177d0a8a3c0b0935ce97c3812a6c3a04c	10	f6217beb67a6285781b26fde120aa3a094be1b9152fdd17b2f71ddf81233ed6c	100	624aeb2d2500f232627a64f5d1e7c131ab8774de141e2cc1aa28bc58f5c036fc	10	f6217beb67a6285781b26fde120aa3a094be1b9152fdd17b2f71ddf81233ed6c	runs/paired-references-10-r01-o03-intermediate-pr32/ready/command.txt	runs/paired-references-10-r01-o03-intermediate-pr32/ready/stdout.txt	runs/paired-references-10-r01-o03-intermediate-pr32/ready/stderr.txt	
paired-references-10-r01-o04-canonical-upstream-raw	paired	references-10	raw	canonical-upstream	legacy	1	4	0	0.248632490	0.40	0.08	196%	53248	f46cbee3b054db041c9999556cb93a235335f772f659994621fb337dfc46e985	100	624aeb2d2500f232627a64f5d1e7c131ab8774de141e2cc1aa28bc58f5c036fc	coordinate	1774	04687cdb1786aa5f82f60d97ba33b03177d0a8a3c0b0935ce97c3812a6c3a04c	10	f6217beb67a6285781b26fde120aa3a094be1b9152fdd17b2f71ddf81233ed6c	100	624aeb2d2500f232627a64f5d1e7c131ab8774de141e2cc1aa28bc58f5c036fc	10	f6217beb67a6285781b26fde120aa3a094be1b9152fdd17b2f71ddf81233ed6c	runs/paired-references-10-r01-o04-canonical-upstream/raw/command.txt	runs/paired-references-10-r01-o04-canonical-upstream/raw/stdout.txt	runs/paired-references-10-r01-o04-canonical-upstream/raw/stderr.txt	
paired-references-10-r01-o04-canonical-upstream-ready	paired	references-10	ready	canonical-upstream	legacy	1	4	0	0.006481380	0.00	0.00	50%	2048	f46cbee3b054db041c9999556cb93a235335f772f659994621fb337dfc46e985	100	624aeb2d2500f232627a64f5d1e7c131ab8774de141e2cc1aa28bc58f5c036fc	coordinate	1774	04687cdb1786aa5f82f60d97ba33b03177d0a8a3c0b0935ce97c3812a6c3a04c	10	f6217beb67a6285781b26fde120aa3a094be1b9152fdd17b2f71ddf81233ed6c	100	624aeb2d2500f232627a64f5d1e7c131ab8774de141e2cc1aa28bc58f5c036fc	10	f6217beb67a6285781b26fde120aa3a094be1b9152fdd17b2f71ddf81233ed6c	runs/paired-references-10-r01-o04-canonical-upstream/ready/command.txt	runs/paired-references-10-r01-o04-canonical-upstream/ready/stdout.txt	runs/paired-references-10-r01-o04-canonical-upstream/ready/stderr.txt	
paired-references-10-r02-o01-dumi-off-raw	paired	references-10	raw	dumi	off	2	1	0	0.271240363	0.47	0.07	202%	55296	f46cbee3b054db041c9999556cb93a235335f772f659994621fb337dfc46e985	100	624aeb2d2500f232627a64f5d1e7c131ab8774de141e2cc1aa28bc58f5c036fc	coordinate	1774	04687cdb1786aa5f82f60d97ba33b03177d0a8a3c0b0935ce97c3812a6c3a04c	10	f6217beb67a6285781b26fde120aa3a094be1b9152fdd17b2f71ddf81233ed6c	100	624aeb2d2500f232627a64f5d1e7c131ab8774de141e2cc1aa28bc58f5c036fc	10	f6217beb67a6285781b26fde120aa3a094be1b9152fdd17b2f71ddf81233ed6c	runs/paired-references-10-r02-o01-dumi-off/raw/command.txt	runs/paired-references-10-r02-o01-dumi-off/raw/stdout.txt	runs/paired-references-10-r02-o01-dumi-off/raw/stderr.txt	
paired-references-10-r02-o01-dumi-off-ready	paired	references-10	ready	dumi	off	2	1	0	0.007373600	0.00	0.00	80%	2048	f46cbee3b054db041c9999556cb93a235335f772f659994621fb337dfc46e985	100	624aeb2d2500f232627a64f5d1e7c131ab8774de141e2cc1aa28bc58f5c036fc	coordinate	1774	04687cdb1786aa5f82f60d97ba33b03177d0a8a3c0b0935ce97c3812a6c3a04c	10	f6217beb67a6285781b26fde120aa3a094be1b9152fdd17b2f71ddf81233ed6c	100	624aeb2d2500f232627a64f5d1e7c131ab8774de141e2cc1aa28bc58f5c036fc	10	f6217beb67a6285781b26fde120aa3a094be1b9152fdd17b2f71ddf81233ed6c	runs/paired-references-10-r02-o01-dumi-off/ready/command.txt	runs/paired-references-10-r02-o01-dumi-off/ready/stdout.txt	runs/paired-references-10-r02-o01-dumi-off/ready/stderr.txt	
paired-references-10-r02-o02-intermediate-pr32-raw	paired	references-10	raw	intermediate-pr32	legacy	2	2	0	0.236583836	0.41	0.07	208%	53248	f46cbee3b054db041c9999556cb93a235335f772f659994621fb337dfc46e985	100	624aeb2d2500f232627a64f5d1e7c131ab8774de141e2cc1aa28bc58f5c036fc	coordinate	1774	04687cdb1786aa5f82f60d97ba33b03177d0a8a3c0b0935ce97c3812a6c3a04c	10	f6217beb67a6285781b26fde120aa3a094be1b9152fdd17b2f71ddf81233ed6c	100	624aeb2d2500f232627a64f5d1e7c131ab8774de141e2cc1aa28bc58f5c036fc	10	f6217beb67a6285781b26fde120aa3a094be1b9152fdd17b2f71ddf81233ed6c	runs/paired-references-10-r02-o02-intermediate-pr32/raw/command.txt	runs/paired-references-10-r02-o02-intermediate-pr32/raw/stdout.txt	runs/paired-references-10-r02-o02-intermediate-pr32/raw/stderr.txt	
paired-references-10-r02-o02-intermediate-pr32-ready	paired	references-10	ready	intermediate-pr32	legacy	2	2	0	0.009213589	0.00	0.00	85%	2048	f46cbee3b054db041c9999556cb93a235335f772f659994621fb337dfc46e985	100	624aeb2d2500f232627a64f5d1e7c131ab8774de141e2cc1aa28bc58f5c036fc	coordinate	1774	04687cdb1786aa5f82f60d97ba33b03177d0a8a3c0b0935ce97c3812a6c3a04c	10	f6217beb67a6285781b26fde120aa3a094be1b9152fdd17b2f71ddf81233ed6c	100	624aeb2d2500f232627a64f5d1e7c131ab8774de141e2cc1aa28bc58f5c036fc	10	f6217beb67a6285781b26fde120aa3a094be1b9152fdd17b2f71ddf81233ed6c	runs/paired-references-10-r02-o02-intermediate-pr32/ready/command.txt	runs/paired-references-10-r02-o02-intermediate-pr32/ready/stdout.txt	runs/paired-references-10-r02-o02-intermediate-pr32/ready/stderr.txt	
paired-references-10-r02-o03-canonical-upstream-raw	paired	references-10	raw	canonical-upstream	legacy	2	3	0	0.234599061	0.38	0.08	202%	59392	f46cbee3b054db041c9999556cb93a235335f772f659994621fb337dfc46e985	100	624aeb2d2500f232627a64f5d1e7c131ab8774de141e2cc1aa28bc58f5c036fc	coordinate	1774	04687cdb1786aa5f82f60d97ba33b03177d0a8a3c0b0935ce97c3812a6c3a04c	10	f6217beb67a6285781b26fde120aa3a094be1b9152fdd17b2f71ddf81233ed6c	100	624aeb2d2500f232627a64f5d1e7c131ab8774de141e2cc1aa28bc58f5c036fc	10	f6217beb67a6285781b26fde120aa3a094be1b9152fdd17b2f71ddf81233ed6c	runs/paired-references-10-r02-o03-canonical-upstream/raw/command.txt	runs/paired-references-10-r02-o03-canonical-upstream/raw/stdout.txt	runs/paired-references-10-r02-o03-canonical-upstream/raw/stderr.txt	
paired-references-10-r02-o03-canonical-upstream-ready	paired	references-10	ready	canonical-upstream	legacy	2	3	0	0.007537225	0.00	0.00	80%	2048	f46cbee3b054db041c9999556cb93a235335f772f659994621fb337dfc46e985	100	624aeb2d2500f232627a64f5d1e7c131ab8774de141e2cc1aa28bc58f5c036fc	coordinate	1774	04687cdb1786aa5f82f60d97ba33b03177d0a8a3c0b0935ce97c3812a6c3a04c	10	f6217beb67a6285781b26fde120aa3a094be1b9152fdd17b2f71ddf81233ed6c	100	624aeb2d2500f232627a64f5d1e7c131ab8774de141e2cc1aa28bc58f5c036fc	10	f6217beb67a6285781b26fde120aa3a094be1b9152fdd17b2f71ddf81233ed6c	runs/paired-references-10-r02-o03-canonical-upstream/ready/command.txt	runs/paired-references-10-r02-o03-canonical-upstream/ready/stdout.txt	runs/paired-references-10-r02-o03-canonical-upstream/ready/stderr.txt	
paired-references-10-r02-o04-dumi-auto-raw	paired	references-10	raw	dumi	auto	2	4	0	0.277152290	0.44	0.08	190%	55296	f46cbee3b054db041c9999556cb93a235335f772f659994621fb337dfc46e985	100	624aeb2d2500f232627a64f5d1e7c131ab8774de141e2cc1aa28bc58f5c036fc	coordinate	1774	04687cdb1786aa5f82f60d97ba33b03177d0a8a3c0b0935ce97c3812a6c3a04c	10	f6217beb67a6285781b26fde120aa3a094be1b9152fdd17b2f71ddf81233ed6c	100	624aeb2d2500f232627a64f5d1e7c131ab8774de141e2cc1aa28bc58f5c036fc	10	f6217beb67a6285781b26fde120aa3a094be1b9152fdd17b2f71ddf81233ed6c	runs/paired-references-10-r02-o04-dumi-auto/raw/command.txt	runs/paired-references-10-r02-o04-dumi-auto/raw/stdout.txt	runs/paired-references-10-r02-o04-dumi-auto/raw/stderr.txt	
paired-references-10-r02-o04-dumi-auto-ready	paired	references-10	ready	dumi	auto	2	4	0	0.006841862	0.00	0.00	75%	2048	f46cbee3b054db041c9999556cb93a235335f772f659994621fb337dfc46e985	100	624aeb2d2500f232627a64f5d1e7c131ab8774de141e2cc1aa28bc58f5c036fc	coordinate	1774	04687cdb1786aa5f82f60d97ba33b03177d0a8a3c0b0935ce97c3812a6c3a04c	10	f6217beb67a6285781b26fde120aa3a094be1b9152fdd17b2f71ddf81233ed6c	100	624aeb2d2500f232627a64f5d1e7c131ab8774de141e2cc1aa28bc58f5c036fc	10	f6217beb67a6285781b26fde120aa3a094be1b9152fdd17b2f71ddf81233ed6c	runs/paired-references-10-r02-o04-dumi-auto/ready/command.txt	runs/paired-references-10-r02-o04-dumi-auto/ready/stdout.txt	runs/paired-references-10-r02-o04-dumi-auto/ready/stderr.txt	
paired-references-10-r03-o01-intermediate-pr32-raw	paired	references-10	raw	intermediate-pr32	legacy	3	1	0	0.231615352	0.35	0.08	190%	53248	f46cbee3b054db041c9999556cb93a235335f772f659994621fb337dfc46e985	100	624aeb2d2500f232627a64f5d1e7c131ab8774de141e2cc1aa28bc58f5c036fc	coordinate	1774	04687cdb1786aa5f82f60d97ba33b03177d0a8a3c0b0935ce97c3812a6c3a04c	10	f6217beb67a6285781b26fde120aa3a094be1b9152fdd17b2f71ddf81233ed6c	100	624aeb2d2500f232627a64f5d1e7c131ab8774de141e2cc1aa28bc58f5c036fc	10	f6217beb67a6285781b26fde120aa3a094be1b9152fdd17b2f71ddf81233ed6c	runs/paired-references-10-r03-o01-intermediate-pr32/raw/command.txt	runs/paired-references-10-r03-o01-intermediate-pr32/raw/stdout.txt	runs/paired-references-10-r03-o01-intermediate-pr32/raw/stderr.txt	
paired-references-10-r03-o01-intermediate-pr32-ready	paired	references-10	ready	intermediate-pr32	legacy	3	1	0	0.008406943	0.00	0.00	60%	2048	f46cbee3b054db041c9999556cb93a235335f772f659994621fb337dfc46e985	100	624aeb2d2500f232627a64f5d1e7c131ab8774de141e2cc1aa28bc58f5c036fc	coordinate	1774	04687cdb1786aa5f82f60d97ba33b03177d0a8a3c0b0935ce97c3812a6c3a04c	10	f6217beb67a6285781b26fde120aa3a094be1b9152fdd17b2f71ddf81233ed6c	100	624aeb2d2500f232627a64f5d1e7c131ab8774de141e2cc1aa28bc58f5c036fc	10	f6217beb67a6285781b26fde120aa3a094be1b9152fdd17b2f71ddf81233ed6c	runs/paired-references-10-r03-o01-intermediate-pr32/ready/command.txt	runs/paired-references-10-r03-o01-intermediate-pr32/ready/stdout.txt	runs/paired-references-10-r03-o01-intermediate-pr32/ready/stderr.txt	
paired-references-10-r03-o02-canonical-upstream-raw	paired	references-10	raw	canonical-upstream	legacy	3	2	0	0.239065062	0.40	0.07	203%	57344	f46cbee3b054db041c9999556cb93a235335f772f659994621fb337dfc46e985	100	624aeb2d2500f232627a64f5d1e7c131ab8774de141e2cc1aa28bc58f5c036fc	coordinate	1774	04687cdb1786aa5f82f60d97ba33b03177d0a8a3c0b0935ce97c3812a6c3a04c	10	f6217beb67a6285781b26fde120aa3a094be1b9152fdd17b2f71ddf81233ed6c	100	624aeb2d2500f232627a64f5d1e7c131ab8774de141e2cc1aa28bc58f5c036fc	10	f6217beb67a6285781b26fde120aa3a094be1b9152fdd17b2f71ddf81233ed6c	runs/paired-references-10-r03-o02-canonical-upstream/raw/command.txt	runs/paired-references-10-r03-o02-canonical-upstream/raw/stdout.txt	runs/paired-references-10-r03-o02-canonical-upstream/raw/stderr.txt	
paired-references-10-r03-o02-canonical-upstream-ready	paired	references-10	ready	canonical-upstream	legacy	3	2	0	0.009124686	0.00	0.00	66%	2048	f46cbee3b054db041c9999556cb93a235335f772f659994621fb337dfc46e985	100	624aeb2d2500f232627a64f5d1e7c131ab8774de141e2cc1aa28bc58f5c036fc	coordinate	1774	04687cdb1786aa5f82f60d97ba33b03177d0a8a3c0b0935ce97c3812a6c3a04c	10	f6217beb67a6285781b26fde120aa3a094be1b9152fdd17b2f71ddf81233ed6c	100	624aeb2d2500f232627a64f5d1e7c131ab8774de141e2cc1aa28bc58f5c036fc	10	f6217beb67a6285781b26fde120aa3a094be1b9152fdd17b2f71ddf81233ed6c	runs/paired-references-10-r03-o02-canonical-upstream/ready/command.txt	runs/paired-references-10-r03-o02-canonical-upstream/ready/stdout.txt	runs/paired-references-10-r03-o02-canonical-upstream/ready/stderr.txt	
paired-references-10-r03-o03-dumi-auto-raw	paired	references-10	raw	dumi	auto	3	3	0	0.252476877	0.41	0.07	194%	57344	f46cbee3b054db041c9999556cb93a235335f772f659994621fb337dfc46e985	100	624aeb2d2500f232627a64f5d1e7c131ab8774de141e2cc1aa28bc58f5c036fc	coordinate	1774	04687cdb1786aa5f82f60d97ba33b03177d0a8a3c0b0935ce97c3812a6c3a04c	10	f6217beb67a6285781b26fde120aa3a094be1b9152fdd17b2f71ddf81233ed6c	100	624aeb2d2500f232627a64f5d1e7c131ab8774de141e2cc1aa28bc58f5c036fc	10	f6217beb67a6285781b26fde120aa3a094be1b9152fdd17b2f71ddf81233ed6c	runs/paired-references-10-r03-o03-dumi-auto/raw/command.txt	runs/paired-references-10-r03-o03-dumi-auto/raw/stdout.txt	runs/paired-references-10-r03-o03-dumi-auto/raw/stderr.txt	
paired-references-10-r03-o03-dumi-auto-ready	paired	references-10	ready	dumi	auto	3	3	0	0.006778149	0.00	0.00	50%	2048	f46cbee3b054db041c9999556cb93a235335f772f659994621fb337dfc46e985	100	624aeb2d2500f232627a64f5d1e7c131ab8774de141e2cc1aa28bc58f5c036fc	coordinate	1774	04687cdb1786aa5f82f60d97ba33b03177d0a8a3c0b0935ce97c3812a6c3a04c	10	f6217beb67a6285781b26fde120aa3a094be1b9152fdd17b2f71ddf81233ed6c	100	624aeb2d2500f232627a64f5d1e7c131ab8774de141e2cc1aa28bc58f5c036fc	10	f6217beb67a6285781b26fde120aa3a094be1b9152fdd17b2f71ddf81233ed6c	runs/paired-references-10-r03-o03-dumi-auto/ready/command.txt	runs/paired-references-10-r03-o03-dumi-auto/ready/stdout.txt	runs/paired-references-10-r03-o03-dumi-auto/ready/stderr.txt	
paired-references-10-r03-o04-dumi-off-raw	paired	references-10	raw	dumi	off	3	4	0	0.263368039	0.43	0.08	199%	55296	f46cbee3b054db041c9999556cb93a235335f772f659994621fb337dfc46e985	100	624aeb2d2500f232627a64f5d1e7c131ab8774de141e2cc1aa28bc58f5c036fc	coordinate	1774	04687cdb1786aa5f82f60d97ba33b03177d0a8a3c0b0935ce97c3812a6c3a04c	10	f6217beb67a6285781b26fde120aa3a094be1b9152fdd17b2f71ddf81233ed6c	100	624aeb2d2500f232627a64f5d1e7c131ab8774de141e2cc1aa28bc58f5c036fc	10	f6217beb67a6285781b26fde120aa3a094be1b9152fdd17b2f71ddf81233ed6c	runs/paired-references-10-r03-o04-dumi-off/raw/command.txt	runs/paired-references-10-r03-o04-dumi-off/raw/stdout.txt	runs/paired-references-10-r03-o04-dumi-off/raw/stderr.txt	
paired-references-10-r03-o04-dumi-off-ready	paired	references-10	ready	dumi	off	3	4	0	0.007565625	0.00	0.00	80%	2048	f46cbee3b054db041c9999556cb93a235335f772f659994621fb337dfc46e985	100	624aeb2d2500f232627a64f5d1e7c131ab8774de141e2cc1aa28bc58f5c036fc	coordinate	1774	04687cdb1786aa5f82f60d97ba33b03177d0a8a3c0b0935ce97c3812a6c3a04c	10	f6217beb67a6285781b26fde120aa3a094be1b9152fdd17b2f71ddf81233ed6c	100	624aeb2d2500f232627a64f5d1e7c131ab8774de141e2cc1aa28bc58f5c036fc	10	f6217beb67a6285781b26fde120aa3a094be1b9152fdd17b2f71ddf81233ed6c	runs/paired-references-10-r03-o04-dumi-off/ready/command.txt	runs/paired-references-10-r03-o04-dumi-off/ready/stdout.txt	runs/paired-references-10-r03-o04-dumi-off/ready/stderr.txt	
paired-references-10-r04-o01-canonical-upstream-raw	paired	references-10	raw	canonical-upstream	legacy	4	1	0	0.241996765	0.39	0.07	195%	57344	f46cbee3b054db041c9999556cb93a235335f772f659994621fb337dfc46e985	100	624aeb2d2500f232627a64f5d1e7c131ab8774de141e2cc1aa28bc58f5c036fc	coordinate	1774	04687cdb1786aa5f82f60d97ba33b03177d0a8a3c0b0935ce97c3812a6c3a04c	10	f6217beb67a6285781b26fde120aa3a094be1b9152fdd17b2f71ddf81233ed6c	100	624aeb2d2500f232627a64f5d1e7c131ab8774de141e2cc1aa28bc58f5c036fc	10	f6217beb67a6285781b26fde120aa3a094be1b9152fdd17b2f71ddf81233ed6c	runs/paired-references-10-r04-o01-canonical-upstream/raw/command.txt	runs/paired-references-10-r04-o01-canonical-upstream/raw/stdout.txt	runs/paired-references-10-r04-o01-canonical-upstream/raw/stderr.txt	
paired-references-10-r04-o01-canonical-upstream-ready	paired	references-10	ready	canonical-upstream	legacy	4	1	0	0.008058701	0.00	0.00	66%	2048	f46cbee3b054db041c9999556cb93a235335f772f659994621fb337dfc46e985	100	624aeb2d2500f232627a64f5d1e7c131ab8774de141e2cc1aa28bc58f5c036fc	coordinate	1774	04687cdb1786aa5f82f60d97ba33b03177d0a8a3c0b0935ce97c3812a6c3a04c	10	f6217beb67a6285781b26fde120aa3a094be1b9152fdd17b2f71ddf81233ed6c	100	624aeb2d2500f232627a64f5d1e7c131ab8774de141e2cc1aa28bc58f5c036fc	10	f6217beb67a6285781b26fde120aa3a094be1b9152fdd17b2f71ddf81233ed6c	runs/paired-references-10-r04-o01-canonical-upstream/ready/command.txt	runs/paired-references-10-r04-o01-canonical-upstream/ready/stdout.txt	runs/paired-references-10-r04-o01-canonical-upstream/ready/stderr.txt	
paired-references-10-r04-o02-dumi-auto-raw	paired	references-10	raw	dumi	auto	4	2	0	0.272926958	0.42	0.08	189%	57344	f46cbee3b054db041c9999556cb93a235335f772f659994621fb337dfc46e985	100	624aeb2d2500f232627a64f5d1e7c131ab8774de141e2cc1aa28bc58f5c036fc	coordinate	1774	04687cdb1786aa5f82f60d97ba33b03177d0a8a3c0b0935ce97c3812a6c3a04c	10	f6217beb67a6285781b26fde120aa3a094be1b9152fdd17b2f71ddf81233ed6c	100	624aeb2d2500f232627a64f5d1e7c131ab8774de141e2cc1aa28bc58f5c036fc	10	f6217beb67a6285781b26fde120aa3a094be1b9152fdd17b2f71ddf81233ed6c	runs/paired-references-10-r04-o02-dumi-auto/raw/command.txt	runs/paired-references-10-r04-o02-dumi-auto/raw/stdout.txt	runs/paired-references-10-r04-o02-dumi-auto/raw/stderr.txt	
paired-references-10-r04-o02-dumi-auto-ready	paired	references-10	ready	dumi	auto	4	2	0	0.008644580	0.00	0.00	83%	2048	f46cbee3b054db041c9999556cb93a235335f772f659994621fb337dfc46e985	100	624aeb2d2500f232627a64f5d1e7c131ab8774de141e2cc1aa28bc58f5c036fc	coordinate	1774	04687cdb1786aa5f82f60d97ba33b03177d0a8a3c0b0935ce97c3812a6c3a04c	10	f6217beb67a6285781b26fde120aa3a094be1b9152fdd17b2f71ddf81233ed6c	100	624aeb2d2500f232627a64f5d1e7c131ab8774de141e2cc1aa28bc58f5c036fc	10	f6217beb67a6285781b26fde120aa3a094be1b9152fdd17b2f71ddf81233ed6c	runs/paired-references-10-r04-o02-dumi-auto/ready/command.txt	runs/paired-references-10-r04-o02-dumi-auto/ready/stdout.txt	runs/paired-references-10-r04-o02-dumi-auto/ready/stderr.txt	
paired-references-10-r04-o03-dumi-off-raw	paired	references-10	raw	dumi	off	4	3	0	0.284434678	0.43	0.10	191%	55296	f46cbee3b054db041c9999556cb93a235335f772f659994621fb337dfc46e985	100	624aeb2d2500f232627a64f5d1e7c131ab8774de141e2cc1aa28bc58f5c036fc	coordinate	1774	04687cdb1786aa5f82f60d97ba33b03177d0a8a3c0b0935ce97c3812a6c3a04c	10	f6217beb67a6285781b26fde120aa3a094be1b9152fdd17b2f71ddf81233ed6c	100	624aeb2d2500f232627a64f5d1e7c131ab8774de141e2cc1aa28bc58f5c036fc	10	f6217beb67a6285781b26fde120aa3a094be1b9152fdd17b2f71ddf81233ed6c	runs/paired-references-10-r04-o03-dumi-off/raw/command.txt	runs/paired-references-10-r04-o03-dumi-off/raw/stdout.txt	runs/paired-references-10-r04-o03-dumi-off/raw/stderr.txt	
paired-references-10-r04-o03-dumi-off-ready	paired	references-10	ready	dumi	off	4	3	0	0.007090610	0.00	0.00	60%	2048	f46cbee3b054db041c9999556cb93a235335f772f659994621fb337dfc46e985	100	624aeb2d2500f232627a64f5d1e7c131ab8774de141e2cc1aa28bc58f5c036fc	coordinate	1774	04687cdb1786aa5f82f60d97ba33b03177d0a8a3c0b0935ce97c3812a6c3a04c	10	f6217beb67a6285781b26fde120aa3a094be1b9152fdd17b2f71ddf81233ed6c	100	624aeb2d2500f232627a64f5d1e7c131ab8774de141e2cc1aa28bc58f5c036fc	10	f6217beb67a6285781b26fde120aa3a094be1b9152fdd17b2f71ddf81233ed6c	runs/paired-references-10-r04-o03-dumi-off/ready/command.txt	runs/paired-references-10-r04-o03-dumi-off/ready/stdout.txt	runs/paired-references-10-r04-o03-dumi-off/ready/stderr.txt	
paired-references-10-r04-o04-intermediate-pr32-raw	paired	references-10	raw	intermediate-pr32	legacy	4	4	0	0.229611770	0.34	0.07	187%	53248	f46cbee3b054db041c9999556cb93a235335f772f659994621fb337dfc46e985	100	624aeb2d2500f232627a64f5d1e7c131ab8774de141e2cc1aa28bc58f5c036fc	coordinate	1774	04687cdb1786aa5f82f60d97ba33b03177d0a8a3c0b0935ce97c3812a6c3a04c	10	f6217beb67a6285781b26fde120aa3a094be1b9152fdd17b2f71ddf81233ed6c	100	624aeb2d2500f232627a64f5d1e7c131ab8774de141e2cc1aa28bc58f5c036fc	10	f6217beb67a6285781b26fde120aa3a094be1b9152fdd17b2f71ddf81233ed6c	runs/paired-references-10-r04-o04-intermediate-pr32/raw/command.txt	runs/paired-references-10-r04-o04-intermediate-pr32/raw/stdout.txt	runs/paired-references-10-r04-o04-intermediate-pr32/raw/stderr.txt	
paired-references-10-r04-o04-intermediate-pr32-ready	paired	references-10	ready	intermediate-pr32	legacy	4	4	0	0.008121934	0.00	0.00	60%	2048	f46cbee3b054db041c9999556cb93a235335f772f659994621fb337dfc46e985	100	624aeb2d2500f232627a64f5d1e7c131ab8774de141e2cc1aa28bc58f5c036fc	coordinate	1774	04687cdb1786aa5f82f60d97ba33b03177d0a8a3c0b0935ce97c3812a6c3a04c	10	f6217beb67a6285781b26fde120aa3a094be1b9152fdd17b2f71ddf81233ed6c	100	624aeb2d2500f232627a64f5d1e7c131ab8774de141e2cc1aa28bc58f5c036fc	10	f6217beb67a6285781b26fde120aa3a094be1b9152fdd17b2f71ddf81233ed6c	runs/paired-references-10-r04-o04-intermediate-pr32/ready/command.txt	runs/paired-references-10-r04-o04-intermediate-pr32/ready/stdout.txt	runs/paired-references-10-r04-o04-intermediate-pr32/ready/stderr.txt	
paired-references-10-r05-o01-canonical-upstream-raw	paired	references-10	raw	canonical-upstream	legacy	5	1	0	0.246939300	0.39	0.07	191%	57344	f46cbee3b054db041c9999556cb93a235335f772f659994621fb337dfc46e985	100	624aeb2d2500f232627a64f5d1e7c131ab8774de141e2cc1aa28bc58f5c036fc	coordinate	1774	04687cdb1786aa5f82f60d97ba33b03177d0a8a3c0b0935ce97c3812a6c3a04c	10	f6217beb67a6285781b26fde120aa3a094be1b9152fdd17b2f71ddf81233ed6c	100	624aeb2d2500f232627a64f5d1e7c131ab8774de141e2cc1aa28bc58f5c036fc	10	f6217beb67a6285781b26fde120aa3a094be1b9152fdd17b2f71ddf81233ed6c	runs/paired-references-10-r05-o01-canonical-upstream/raw/command.txt	runs/paired-references-10-r05-o01-canonical-upstream/raw/stdout.txt	runs/paired-references-10-r05-o01-canonical-upstream/raw/stderr.txt	
paired-references-10-r05-o01-canonical-upstream-ready	paired	references-10	ready	canonical-upstream	legacy	5	1	0	0.007751081	0.00	0.00	80%	2048	f46cbee3b054db041c9999556cb93a235335f772f659994621fb337dfc46e985	100	624aeb2d2500f232627a64f5d1e7c131ab8774de141e2cc1aa28bc58f5c036fc	coordinate	1774	04687cdb1786aa5f82f60d97ba33b03177d0a8a3c0b0935ce97c3812a6c3a04c	10	f6217beb67a6285781b26fde120aa3a094be1b9152fdd17b2f71ddf81233ed6c	100	624aeb2d2500f232627a64f5d1e7c131ab8774de141e2cc1aa28bc58f5c036fc	10	f6217beb67a6285781b26fde120aa3a094be1b9152fdd17b2f71ddf81233ed6c	runs/paired-references-10-r05-o01-canonical-upstream/ready/command.txt	runs/paired-references-10-r05-o01-canonical-upstream/ready/stdout.txt	runs/paired-references-10-r05-o01-canonical-upstream/ready/stderr.txt	
paired-references-10-r05-o02-intermediate-pr32-raw	paired	references-10	raw	intermediate-pr32	legacy	5	2	0	0.227690625	0.38	0.07	203%	57344	f46cbee3b054db041c9999556cb93a235335f772f659994621fb337dfc46e985	100	624aeb2d2500f232627a64f5d1e7c131ab8774de141e2cc1aa28bc58f5c036fc	coordinate	1774	04687cdb1786aa5f82f60d97ba33b03177d0a8a3c0b0935ce97c3812a6c3a04c	10	f6217beb67a6285781b26fde120aa3a094be1b9152fdd17b2f71ddf81233ed6c	100	624aeb2d2500f232627a64f5d1e7c131ab8774de141e2cc1aa28bc58f5c036fc	10	f6217beb67a6285781b26fde120aa3a094be1b9152fdd17b2f71ddf81233ed6c	runs/paired-references-10-r05-o02-intermediate-pr32/raw/command.txt	runs/paired-references-10-r05-o02-intermediate-pr32/raw/stdout.txt	runs/paired-references-10-r05-o02-intermediate-pr32/raw/stderr.txt	
paired-references-10-r05-o02-intermediate-pr32-ready	paired	references-10	ready	intermediate-pr32	legacy	5	2	0	0.009124227	0.00	0.00	83%	2048	f46cbee3b054db041c9999556cb93a235335f772f659994621fb337dfc46e985	100	624aeb2d2500f232627a64f5d1e7c131ab8774de141e2cc1aa28bc58f5c036fc	coordinate	1774	04687cdb1786aa5f82f60d97ba33b03177d0a8a3c0b0935ce97c3812a6c3a04c	10	f6217beb67a6285781b26fde120aa3a094be1b9152fdd17b2f71ddf81233ed6c	100	624aeb2d2500f232627a64f5d1e7c131ab8774de141e2cc1aa28bc58f5c036fc	10	f6217beb67a6285781b26fde120aa3a094be1b9152fdd17b2f71ddf81233ed6c	runs/paired-references-10-r05-o02-intermediate-pr32/ready/command.txt	runs/paired-references-10-r05-o02-intermediate-pr32/ready/stdout.txt	runs/paired-references-10-r05-o02-intermediate-pr32/ready/stderr.txt	
paired-references-10-r05-o03-dumi-off-raw	paired	references-10	raw	dumi	off	5	3	0	0.248534530	0.39	0.08	194%	57344	f46cbee3b054db041c9999556cb93a235335f772f659994621fb337dfc46e985	100	624aeb2d2500f232627a64f5d1e7c131ab8774de141e2cc1aa28bc58f5c036fc	coordinate	1774	04687cdb1786aa5f82f60d97ba33b03177d0a8a3c0b0935ce97c3812a6c3a04c	10	f6217beb67a6285781b26fde120aa3a094be1b9152fdd17b2f71ddf81233ed6c	100	624aeb2d2500f232627a64f5d1e7c131ab8774de141e2cc1aa28bc58f5c036fc	10	f6217beb67a6285781b26fde120aa3a094be1b9152fdd17b2f71ddf81233ed6c	runs/paired-references-10-r05-o03-dumi-off/raw/command.txt	runs/paired-references-10-r05-o03-dumi-off/raw/stdout.txt	runs/paired-references-10-r05-o03-dumi-off/raw/stderr.txt	
paired-references-10-r05-o03-dumi-off-ready	paired	references-10	ready	dumi	off	5	3	0	0.007549545	0.00	0.00	80%	2048	f46cbee3b054db041c9999556cb93a235335f772f659994621fb337dfc46e985	100	624aeb2d2500f232627a64f5d1e7c131ab8774de141e2cc1aa28bc58f5c036fc	coordinate	1774	04687cdb1786aa5f82f60d97ba33b03177d0a8a3c0b0935ce97c3812a6c3a04c	10	f6217beb67a6285781b26fde120aa3a094be1b9152fdd17b2f71ddf81233ed6c	100	624aeb2d2500f232627a64f5d1e7c131ab8774de141e2cc1aa28bc58f5c036fc	10	f6217beb67a6285781b26fde120aa3a094be1b9152fdd17b2f71ddf81233ed6c	runs/paired-references-10-r05-o03-dumi-off/ready/command.txt	runs/paired-references-10-r05-o03-dumi-off/ready/stdout.txt	runs/paired-references-10-r05-o03-dumi-off/ready/stderr.txt	
paired-references-10-r05-o04-dumi-auto-raw	paired	references-10	raw	dumi	auto	5	4	0	0.268916720	0.43	0.08	195%	57344	f46cbee3b054db041c9999556cb93a235335f772f659994621fb337dfc46e985	100	624aeb2d2500f232627a64f5d1e7c131ab8774de141e2cc1aa28bc58f5c036fc	coordinate	1774	04687cdb1786aa5f82f60d97ba33b03177d0a8a3c0b0935ce97c3812a6c3a04c	10	f6217beb67a6285781b26fde120aa3a094be1b9152fdd17b2f71ddf81233ed6c	100	624aeb2d2500f232627a64f5d1e7c131ab8774de141e2cc1aa28bc58f5c036fc	10	f6217beb67a6285781b26fde120aa3a094be1b9152fdd17b2f71ddf81233ed6c	runs/paired-references-10-r05-o04-dumi-auto/raw/command.txt	runs/paired-references-10-r05-o04-dumi-auto/raw/stdout.txt	runs/paired-references-10-r05-o04-dumi-auto/raw/stderr.txt	
paired-references-10-r05-o04-dumi-auto-ready	paired	references-10	ready	dumi	auto	5	4	0	0.007339627	0.00	0.00	80%	2048	f46cbee3b054db041c9999556cb93a235335f772f659994621fb337dfc46e985	100	624aeb2d2500f232627a64f5d1e7c131ab8774de141e2cc1aa28bc58f5c036fc	coordinate	1774	04687cdb1786aa5f82f60d97ba33b03177d0a8a3c0b0935ce97c3812a6c3a04c	10	f6217beb67a6285781b26fde120aa3a094be1b9152fdd17b2f71ddf81233ed6c	100	624aeb2d2500f232627a64f5d1e7c131ab8774de141e2cc1aa28bc58f5c036fc	10	f6217beb67a6285781b26fde120aa3a094be1b9152fdd17b2f71ddf81233ed6c	runs/paired-references-10-r05-o04-dumi-auto/ready/command.txt	runs/paired-references-10-r05-o04-dumi-auto/ready/stdout.txt	runs/paired-references-10-r05-o04-dumi-auto/ready/stderr.txt	
paired-references-10-r06-o01-intermediate-pr32-raw	paired	references-10	raw	intermediate-pr32	legacy	6	1	0	0.233836152	0.37	0.06	190%	53248	f46cbee3b054db041c9999556cb93a235335f772f659994621fb337dfc46e985	100	624aeb2d2500f232627a64f5d1e7c131ab8774de141e2cc1aa28bc58f5c036fc	coordinate	1774	04687cdb1786aa5f82f60d97ba33b03177d0a8a3c0b0935ce97c3812a6c3a04c	10	f6217beb67a6285781b26fde120aa3a094be1b9152fdd17b2f71ddf81233ed6c	100	624aeb2d2500f232627a64f5d1e7c131ab8774de141e2cc1aa28bc58f5c036fc	10	f6217beb67a6285781b26fde120aa3a094be1b9152fdd17b2f71ddf81233ed6c	runs/paired-references-10-r06-o01-intermediate-pr32/raw/command.txt	runs/paired-references-10-r06-o01-intermediate-pr32/raw/stdout.txt	runs/paired-references-10-r06-o01-intermediate-pr32/raw/stderr.txt	
paired-references-10-r06-o01-intermediate-pr32-ready	paired	references-10	ready	intermediate-pr32	legacy	6	1	0	0.005835699	0.00	0.00	66%	2048	f46cbee3b054db041c9999556cb93a235335f772f659994621fb337dfc46e985	100	624aeb2d2500f232627a64f5d1e7c131ab8774de141e2cc1aa28bc58f5c036fc	coordinate	1774	04687cdb1786aa5f82f60d97ba33b03177d0a8a3c0b0935ce97c3812a6c3a04c	10	f6217beb67a6285781b26fde120aa3a094be1b9152fdd17b2f71ddf81233ed6c	100	624aeb2d2500f232627a64f5d1e7c131ab8774de141e2cc1aa28bc58f5c036fc	10	f6217beb67a6285781b26fde120aa3a094be1b9152fdd17b2f71ddf81233ed6c	runs/paired-references-10-r06-o01-intermediate-pr32/ready/command.txt	runs/paired-references-10-r06-o01-intermediate-pr32/ready/stdout.txt	runs/paired-references-10-r06-o01-intermediate-pr32/ready/stderr.txt	
paired-references-10-r06-o02-dumi-off-raw	paired	references-10	raw	dumi	off	6	2	0	0.264788964	0.40	0.09	192%	57344	f46cbee3b054db041c9999556cb93a235335f772f659994621fb337dfc46e985	100	624aeb2d2500f232627a64f5d1e7c131ab8774de141e2cc1aa28bc58f5c036fc	coordinate	1774	04687cdb1786aa5f82f60d97ba33b03177d0a8a3c0b0935ce97c3812a6c3a04c	10	f6217beb67a6285781b26fde120aa3a094be1b9152fdd17b2f71ddf81233ed6c	100	624aeb2d2500f232627a64f5d1e7c131ab8774de141e2cc1aa28bc58f5c036fc	10	f6217beb67a6285781b26fde120aa3a094be1b9152fdd17b2f71ddf81233ed6c	runs/paired-references-10-r06-o02-dumi-off/raw/command.txt	runs/paired-references-10-r06-o02-dumi-off/raw/stdout.txt	runs/paired-references-10-r06-o02-dumi-off/raw/stderr.txt	
paired-references-10-r06-o02-dumi-off-ready	paired	references-10	ready	dumi	off	6	2	0	0.006473840	0.00	0.00	25%	2048	f46cbee3b054db041c9999556cb93a235335f772f659994621fb337dfc46e985	100	624aeb2d2500f232627a64f5d1e7c131ab8774de141e2cc1aa28bc58f5c036fc	coordinate	1774	04687cdb1786aa5f82f60d97ba33b03177d0a8a3c0b0935ce97c3812a6c3a04c	10	f6217beb67a6285781b26fde120aa3a094be1b9152fdd17b2f71ddf81233ed6c	100	624aeb2d2500f232627a64f5d1e7c131ab8774de141e2cc1aa28bc58f5c036fc	10	f6217beb67a6285781b26fde120aa3a094be1b9152fdd17b2f71ddf81233ed6c	runs/paired-references-10-r06-o02-dumi-off/ready/command.txt	runs/paired-references-10-r06-o02-dumi-off/ready/stdout.txt	runs/paired-references-10-r06-o02-dumi-off/ready/stderr.txt	
paired-references-10-r06-o03-dumi-auto-raw	paired	references-10	raw	dumi	auto	6	3	0	0.262818729	0.40	0.08	187%	53248	f46cbee3b054db041c9999556cb93a235335f772f659994621fb337dfc46e985	100	624aeb2d2500f232627a64f5d1e7c131ab8774de141e2cc1aa28bc58f5c036fc	coordinate	1774	04687cdb1786aa5f82f60d97ba33b03177d0a8a3c0b0935ce97c3812a6c3a04c	10	f6217beb67a6285781b26fde120aa3a094be1b9152fdd17b2f71ddf81233ed6c	100	624aeb2d2500f232627a64f5d1e7c131ab8774de141e2cc1aa28bc58f5c036fc	10	f6217beb67a6285781b26fde120aa3a094be1b9152fdd17b2f71ddf81233ed6c	runs/paired-references-10-r06-o03-dumi-auto/raw/command.txt	runs/paired-references-10-r06-o03-dumi-auto/raw/stdout.txt	runs/paired-references-10-r06-o03-dumi-auto/raw/stderr.txt	
paired-references-10-r06-o03-dumi-auto-ready	paired	references-10	ready	dumi	auto	6	3	0	0.007856205	0.00	0.00	80%	2048	f46cbee3b054db041c9999556cb93a235335f772f659994621fb337dfc46e985	100	624aeb2d2500f232627a64f5d1e7c131ab8774de141e2cc1aa28bc58f5c036fc	coordinate	1774	04687cdb1786aa5f82f60d97ba33b03177d0a8a3c0b0935ce97c3812a6c3a04c	10	f6217beb67a6285781b26fde120aa3a094be1b9152fdd17b2f71ddf81233ed6c	100	624aeb2d2500f232627a64f5d1e7c131ab8774de141e2cc1aa28bc58f5c036fc	10	f6217beb67a6285781b26fde120aa3a094be1b9152fdd17b2f71ddf81233ed6c	runs/paired-references-10-r06-o03-dumi-auto/ready/command.txt	runs/paired-references-10-r06-o03-dumi-auto/ready/stdout.txt	runs/paired-references-10-r06-o03-dumi-auto/ready/stderr.txt	
paired-references-10-r06-o04-canonical-upstream-raw	paired	references-10	raw	canonical-upstream	legacy	6	4	0	0.256041188	0.40	0.08	193%	55296	f46cbee3b054db041c9999556cb93a235335f772f659994621fb337dfc46e985	100	624aeb2d2500f232627a64f5d1e7c131ab8774de141e2cc1aa28bc58f5c036fc	coordinate	1774	04687cdb1786aa5f82f60d97ba33b03177d0a8a3c0b0935ce97c3812a6c3a04c	10	f6217beb67a6285781b26fde120aa3a094be1b9152fdd17b2f71ddf81233ed6c	100	624aeb2d2500f232627a64f5d1e7c131ab8774de141e2cc1aa28bc58f5c036fc	10	f6217beb67a6285781b26fde120aa3a094be1b9152fdd17b2f71ddf81233ed6c	runs/paired-references-10-r06-o04-canonical-upstream/raw/command.txt	runs/paired-references-10-r06-o04-canonical-upstream/raw/stdout.txt	runs/paired-references-10-r06-o04-canonical-upstream/raw/stderr.txt	
paired-references-10-r06-o04-canonical-upstream-ready	paired	references-10	ready	canonical-upstream	legacy	6	4	0	0.009386184	0.00	0.00	83%	2048	f46cbee3b054db041c9999556cb93a235335f772f659994621fb337dfc46e985	100	624aeb2d2500f232627a64f5d1e7c131ab8774de141e2cc1aa28bc58f5c036fc	coordinate	1774	04687cdb1786aa5f82f60d97ba33b03177d0a8a3c0b0935ce97c3812a6c3a04c	10	f6217beb67a6285781b26fde120aa3a094be1b9152fdd17b2f71ddf81233ed6c	100	624aeb2d2500f232627a64f5d1e7c131ab8774de141e2cc1aa28bc58f5c036fc	10	f6217beb67a6285781b26fde120aa3a094be1b9152fdd17b2f71ddf81233ed6c	runs/paired-references-10-r06-o04-canonical-upstream/ready/command.txt	runs/paired-references-10-r06-o04-canonical-upstream/ready/stdout.txt	runs/paired-references-10-r06-o04-canonical-upstream/ready/stderr.txt	
paired-references-10-r07-o01-dumi-off-raw	paired	references-10	raw	dumi	off	7	1	0	0.239222483	0.37	0.07	186%	51200	f46cbee3b054db041c9999556cb93a235335f772f659994621fb337dfc46e985	100	624aeb2d2500f232627a64f5d1e7c131ab8774de141e2cc1aa28bc58f5c036fc	coordinate	1774	04687cdb1786aa5f82f60d97ba33b03177d0a8a3c0b0935ce97c3812a6c3a04c	10	f6217beb67a6285781b26fde120aa3a094be1b9152fdd17b2f71ddf81233ed6c	100	624aeb2d2500f232627a64f5d1e7c131ab8774de141e2cc1aa28bc58f5c036fc	10	f6217beb67a6285781b26fde120aa3a094be1b9152fdd17b2f71ddf81233ed6c	runs/paired-references-10-r07-o01-dumi-off/raw/command.txt	runs/paired-references-10-r07-o01-dumi-off/raw/stdout.txt	runs/paired-references-10-r07-o01-dumi-off/raw/stderr.txt	
paired-references-10-r07-o01-dumi-off-ready	paired	references-10	ready	dumi	off	7	1	0	0.005456087	0.00	0.00	66%	2048	f46cbee3b054db041c9999556cb93a235335f772f659994621fb337dfc46e985	100	624aeb2d2500f232627a64f5d1e7c131ab8774de141e2cc1aa28bc58f5c036fc	coordinate	1774	04687cdb1786aa5f82f60d97ba33b03177d0a8a3c0b0935ce97c3812a6c3a04c	10	f6217beb67a6285781b26fde120aa3a094be1b9152fdd17b2f71ddf81233ed6c	100	624aeb2d2500f232627a64f5d1e7c131ab8774de141e2cc1aa28bc58f5c036fc	10	f6217beb67a6285781b26fde120aa3a094be1b9152fdd17b2f71ddf81233ed6c	runs/paired-references-10-r07-o01-dumi-off/ready/command.txt	runs/paired-references-10-r07-o01-dumi-off/ready/stdout.txt	runs/paired-references-10-r07-o01-dumi-off/ready/stderr.txt	
paired-references-10-r07-o02-dumi-auto-raw	paired	references-10	raw	dumi	auto	7	2	0	0.252463590	0.41	0.08	198%	53248	f46cbee3b054db041c9999556cb93a235335f772f659994621fb337dfc46e985	100	624aeb2d2500f232627a64f5d1e7c131ab8774de141e2cc1aa28bc58f5c036fc	coordinate	1774	04687cdb1786aa5f82f60d97ba33b03177d0a8a3c0b0935ce97c3812a6c3a04c	10	f6217beb67a6285781b26fde120aa3a094be1b9152fdd17b2f71ddf81233ed6c	100	624aeb2d2500f232627a64f5d1e7c131ab8774de141e2cc1aa28bc58f5c036fc	10	f6217beb67a6285781b26fde120aa3a094be1b9152fdd17b2f71ddf81233ed6c	runs/paired-references-10-r07-o02-dumi-auto/raw/command.txt	runs/paired-references-10-r07-o02-dumi-auto/raw/stdout.txt	runs/paired-references-10-r07-o02-dumi-auto/raw/stderr.txt	
paired-references-10-r07-o02-dumi-auto-ready	paired	references-10	ready	dumi	auto	7	2	0	0.009632712	0.00	0.00	66%	2048	f46cbee3b054db041c9999556cb93a235335f772f659994621fb337dfc46e985	100	624aeb2d2500f232627a64f5d1e7c131ab8774de141e2cc1aa28bc58f5c036fc	coordinate	1774	04687cdb1786aa5f82f60d97ba33b03177d0a8a3c0b0935ce97c3812a6c3a04c	10	f6217beb67a6285781b26fde120aa3a094be1b9152fdd17b2f71ddf81233ed6c	100	624aeb2d2500f232627a64f5d1e7c131ab8774de141e2cc1aa28bc58f5c036fc	10	f6217beb67a6285781b26fde120aa3a094be1b9152fdd17b2f71ddf81233ed6c	runs/paired-references-10-r07-o02-dumi-auto/ready/command.txt	runs/paired-references-10-r07-o02-dumi-auto/ready/stdout.txt	runs/paired-references-10-r07-o02-dumi-auto/ready/stderr.txt	
paired-references-10-r07-o03-canonical-upstream-raw	paired	references-10	raw	canonical-upstream	legacy	7	3	0	0.230299641	0.38	0.07	203%	55296	f46cbee3b054db041c9999556cb93a235335f772f659994621fb337dfc46e985	100	624aeb2d2500f232627a64f5d1e7c131ab8774de141e2cc1aa28bc58f5c036fc	coordinate	1774	04687cdb1786aa5f82f60d97ba33b03177d0a8a3c0b0935ce97c3812a6c3a04c	10	f6217beb67a6285781b26fde120aa3a094be1b9152fdd17b2f71ddf81233ed6c	100	624aeb2d2500f232627a64f5d1e7c131ab8774de141e2cc1aa28bc58f5c036fc	10	f6217beb67a6285781b26fde120aa3a094be1b9152fdd17b2f71ddf81233ed6c	runs/paired-references-10-r07-o03-canonical-upstream/raw/command.txt	runs/paired-references-10-r07-o03-canonical-upstream/raw/stdout.txt	runs/paired-references-10-r07-o03-canonical-upstream/raw/stderr.txt	
paired-references-10-r07-o03-canonical-upstream-ready	paired	references-10	ready	canonical-upstream	legacy	7	3	0	0.009332172	0.00	0.00	83%	2048	f46cbee3b054db041c9999556cb93a235335f772f659994621fb337dfc46e985	100	624aeb2d2500f232627a64f5d1e7c131ab8774de141e2cc1aa28bc58f5c036fc	coordinate	1774	04687cdb1786aa5f82f60d97ba33b03177d0a8a3c0b0935ce97c3812a6c3a04c	10	f6217beb67a6285781b26fde120aa3a094be1b9152fdd17b2f71ddf81233ed6c	100	624aeb2d2500f232627a64f5d1e7c131ab8774de141e2cc1aa28bc58f5c036fc	10	f6217beb67a6285781b26fde120aa3a094be1b9152fdd17b2f71ddf81233ed6c	runs/paired-references-10-r07-o03-canonical-upstream/ready/command.txt	runs/paired-references-10-r07-o03-canonical-upstream/ready/stdout.txt	runs/paired-references-10-r07-o03-canonical-upstream/ready/stderr.txt	
paired-references-10-r07-o04-intermediate-pr32-raw	paired	references-10	raw	intermediate-pr32	legacy	7	4	0	0.226502608	0.37	0.06	195%	55296	f46cbee3b054db041c9999556cb93a235335f772f659994621fb337dfc46e985	100	624aeb2d2500f232627a64f5d1e7c131ab8774de141e2cc1aa28bc58f5c036fc	coordinate	1774	04687cdb1786aa5f82f60d97ba33b03177d0a8a3c0b0935ce97c3812a6c3a04c	10	f6217beb67a6285781b26fde120aa3a094be1b9152fdd17b2f71ddf81233ed6c	100	624aeb2d2500f232627a64f5d1e7c131ab8774de141e2cc1aa28bc58f5c036fc	10	f6217beb67a6285781b26fde120aa3a094be1b9152fdd17b2f71ddf81233ed6c	runs/paired-references-10-r07-o04-intermediate-pr32/raw/command.txt	runs/paired-references-10-r07-o04-intermediate-pr32/raw/stdout.txt	runs/paired-references-10-r07-o04-intermediate-pr32/raw/stderr.txt	
paired-references-10-r07-o04-intermediate-pr32-ready	paired	references-10	ready	intermediate-pr32	legacy	7	4	0	0.008312569	0.00	0.00	83%	2048	f46cbee3b054db041c9999556cb93a235335f772f659994621fb337dfc46e985	100	624aeb2d2500f232627a64f5d1e7c131ab8774de141e2cc1aa28bc58f5c036fc	coordinate	1774	04687cdb1786aa5f82f60d97ba33b03177d0a8a3c0b0935ce97c3812a6c3a04c	10	f6217beb67a6285781b26fde120aa3a094be1b9152fdd17b2f71ddf81233ed6c	100	624aeb2d2500f232627a64f5d1e7c131ab8774de141e2cc1aa28bc58f5c036fc	10	f6217beb67a6285781b26fde120aa3a094be1b9152fdd17b2f71ddf81233ed6c	runs/paired-references-10-r07-o04-intermediate-pr32/ready/command.txt	runs/paired-references-10-r07-o04-intermediate-pr32/ready/stdout.txt	runs/paired-references-10-r07-o04-intermediate-pr32/ready/stderr.txt	
paired-references-1000-r01-o01-dumi-off-raw	paired	references-1000	raw	dumi	off	1	1	0	0.687917035	2.19	0.18	347%	145408	15ad2ea7ba52fb5fae4c589153e60c676c6809d646eac3a5de3977786c8b3a20	10000	c2785e89590fd7342d062a6938b7ca924e2cf0575001245b66a21f2ab101089d	coordinate	137710	da95aefbcb21f9b8b6e6194ed58a5599f834ec531ceae5594351059bee2ad6dc	1000	4907ac04b13f1692021157dc85e5c8c67d847ad7a07f99bc02bd344931c2c6d3	10000	c2785e89590fd7342d062a6938b7ca924e2cf0575001245b66a21f2ab101089d	1000	4907ac04b13f1692021157dc85e5c8c67d847ad7a07f99bc02bd344931c2c6d3	runs/paired-references-1000-r01-o01-dumi-off/raw/command.txt	runs/paired-references-1000-r01-o01-dumi-off/raw/stdout.txt	runs/paired-references-1000-r01-o01-dumi-off/raw/stderr.txt	
paired-references-1000-r01-o01-dumi-off-ready	paired	references-1000	ready	dumi	off	1	1	0	0.014134146	0.00	0.00	72%	2048	15ad2ea7ba52fb5fae4c589153e60c676c6809d646eac3a5de3977786c8b3a20	10000	c2785e89590fd7342d062a6938b7ca924e2cf0575001245b66a21f2ab101089d	coordinate	137710	da95aefbcb21f9b8b6e6194ed58a5599f834ec531ceae5594351059bee2ad6dc	1000	4907ac04b13f1692021157dc85e5c8c67d847ad7a07f99bc02bd344931c2c6d3	10000	c2785e89590fd7342d062a6938b7ca924e2cf0575001245b66a21f2ab101089d	1000	4907ac04b13f1692021157dc85e5c8c67d847ad7a07f99bc02bd344931c2c6d3	runs/paired-references-1000-r01-o01-dumi-off/ready/command.txt	runs/paired-references-1000-r01-o01-dumi-off/ready/stdout.txt	runs/paired-references-1000-r01-o01-dumi-off/ready/stderr.txt	
paired-references-1000-r01-o02-intermediate-pr32-raw	paired	references-1000	raw	intermediate-pr32	legacy	1	2	0	0.748800156	2.43	0.20	354%	149616	15ad2ea7ba52fb5fae4c589153e60c676c6809d646eac3a5de3977786c8b3a20	10000	c2785e89590fd7342d062a6938b7ca924e2cf0575001245b66a21f2ab101089d	coordinate	137710	da95aefbcb21f9b8b6e6194ed58a5599f834ec531ceae5594351059bee2ad6dc	1000	4907ac04b13f1692021157dc85e5c8c67d847ad7a07f99bc02bd344931c2c6d3	10000	c2785e89590fd7342d062a6938b7ca924e2cf0575001245b66a21f2ab101089d	1000	4907ac04b13f1692021157dc85e5c8c67d847ad7a07f99bc02bd344931c2c6d3	runs/paired-references-1000-r01-o02-intermediate-pr32/raw/command.txt	runs/paired-references-1000-r01-o02-intermediate-pr32/raw/stdout.txt	runs/paired-references-1000-r01-o02-intermediate-pr32/raw/stderr.txt	
paired-references-1000-r01-o02-intermediate-pr32-ready	paired	references-1000	ready	intermediate-pr32	legacy	1	2	0	0.013241658	0.00	0.00	80%	2048	15ad2ea7ba52fb5fae4c589153e60c676c6809d646eac3a5de3977786c8b3a20	10000	c2785e89590fd7342d062a6938b7ca924e2cf0575001245b66a21f2ab101089d	coordinate	137710	da95aefbcb21f9b8b6e6194ed58a5599f834ec531ceae5594351059bee2ad6dc	1000	4907ac04b13f1692021157dc85e5c8c67d847ad7a07f99bc02bd344931c2c6d3	10000	c2785e89590fd7342d062a6938b7ca924e2cf0575001245b66a21f2ab101089d	1000	4907ac04b13f1692021157dc85e5c8c67d847ad7a07f99bc02bd344931c2c6d3	runs/paired-references-1000-r01-o02-intermediate-pr32/ready/command.txt	runs/paired-references-1000-r01-o02-intermediate-pr32/ready/stdout.txt	runs/paired-references-1000-r01-o02-intermediate-pr32/ready/stderr.txt	
paired-references-1000-r01-o03-canonical-upstream-raw	paired	references-1000	raw	canonical-upstream	legacy	1	3	0	3.290388045	5.69	0.92	201%	747224	15ad2ea7ba52fb5fae4c589153e60c676c6809d646eac3a5de3977786c8b3a20	10000	c2785e89590fd7342d062a6938b7ca924e2cf0575001245b66a21f2ab101089d	coordinate	137710	da95aefbcb21f9b8b6e6194ed58a5599f834ec531ceae5594351059bee2ad6dc	1000	4907ac04b13f1692021157dc85e5c8c67d847ad7a07f99bc02bd344931c2c6d3	10000	c2785e89590fd7342d062a6938b7ca924e2cf0575001245b66a21f2ab101089d	1000	4907ac04b13f1692021157dc85e5c8c67d847ad7a07f99bc02bd344931c2c6d3	runs/paired-references-1000-r01-o03-canonical-upstream/raw/command.txt	runs/paired-references-1000-r01-o03-canonical-upstream/raw/stdout.txt	runs/paired-references-1000-r01-o03-canonical-upstream/raw/stderr.txt	
paired-references-1000-r01-o03-canonical-upstream-ready	paired	references-1000	ready	canonical-upstream	legacy	1	3	0	0.009404943	0.00	0.00	83%	2048	15ad2ea7ba52fb5fae4c589153e60c676c6809d646eac3a5de3977786c8b3a20	10000	c2785e89590fd7342d062a6938b7ca924e2cf0575001245b66a21f2ab101089d	coordinate	137710	da95aefbcb21f9b8b6e6194ed58a5599f834ec531ceae5594351059bee2ad6dc	1000	4907ac04b13f1692021157dc85e5c8c67d847ad7a07f99bc02bd344931c2c6d3	10000	c2785e89590fd7342d062a6938b7ca924e2cf0575001245b66a21f2ab101089d	1000	4907ac04b13f1692021157dc85e5c8c67d847ad7a07f99bc02bd344931c2c6d3	runs/paired-references-1000-r01-o03-canonical-upstream/ready/command.txt	runs/paired-references-1000-r01-o03-canonical-upstream/ready/stdout.txt	runs/paired-references-1000-r01-o03-canonical-upstream/ready/stderr.txt	
paired-references-1000-r01-o04-dumi-auto-raw	paired	references-1000	raw	dumi	auto	1	4	0	0.710593088	2.28	0.18	348%	141312	15ad2ea7ba52fb5fae4c589153e60c676c6809d646eac3a5de3977786c8b3a20	10000	c2785e89590fd7342d062a6938b7ca924e2cf0575001245b66a21f2ab101089d	coordinate	137710	da95aefbcb21f9b8b6e6194ed58a5599f834ec531ceae5594351059bee2ad6dc	1000	4907ac04b13f1692021157dc85e5c8c67d847ad7a07f99bc02bd344931c2c6d3	10000	c2785e89590fd7342d062a6938b7ca924e2cf0575001245b66a21f2ab101089d	1000	4907ac04b13f1692021157dc85e5c8c67d847ad7a07f99bc02bd344931c2c6d3	runs/paired-references-1000-r01-o04-dumi-auto/raw/command.txt	runs/paired-references-1000-r01-o04-dumi-auto/raw/stdout.txt	runs/paired-references-1000-r01-o04-dumi-auto/raw/stderr.txt	
paired-references-1000-r01-o04-dumi-auto-ready	paired	references-1000	ready	dumi	auto	1	4	0	0.013128914	0.00	0.00	80%	2048	15ad2ea7ba52fb5fae4c589153e60c676c6809d646eac3a5de3977786c8b3a20	10000	c2785e89590fd7342d062a6938b7ca924e2cf0575001245b66a21f2ab101089d	coordinate	137710	da95aefbcb21f9b8b6e6194ed58a5599f834ec531ceae5594351059bee2ad6dc	1000	4907ac04b13f1692021157dc85e5c8c67d847ad7a07f99bc02bd344931c2c6d3	10000	c2785e89590fd7342d062a6938b7ca924e2cf0575001245b66a21f2ab101089d	1000	4907ac04b13f1692021157dc85e5c8c67d847ad7a07f99bc02bd344931c2c6d3	runs/paired-references-1000-r01-o04-dumi-auto/ready/command.txt	runs/paired-references-1000-r01-o04-dumi-auto/ready/stdout.txt	runs/paired-references-1000-r01-o04-dumi-auto/ready/stderr.txt	
paired-references-1000-r02-o01-intermediate-pr32-raw	paired	references-1000	raw	intermediate-pr32	legacy	2	1	0	0.684324584	2.23	0.21	359%	147456	15ad2ea7ba52fb5fae4c589153e60c676c6809d646eac3a5de3977786c8b3a20	10000	c2785e89590fd7342d062a6938b7ca924e2cf0575001245b66a21f2ab101089d	coordinate	137710	da95aefbcb21f9b8b6e6194ed58a5599f834ec531ceae5594351059bee2ad6dc	1000	4907ac04b13f1692021157dc85e5c8c67d847ad7a07f99bc02bd344931c2c6d3	10000	c2785e89590fd7342d062a6938b7ca924e2cf0575001245b66a21f2ab101089d	1000	4907ac04b13f1692021157dc85e5c8c67d847ad7a07f99bc02bd344931c2c6d3	runs/paired-references-1000-r02-o01-intermediate-pr32/raw/command.txt	runs/paired-references-1000-r02-o01-intermediate-pr32/raw/stdout.txt	runs/paired-references-1000-r02-o01-intermediate-pr32/raw/stderr.txt	
paired-references-1000-r02-o01-intermediate-pr32-ready	paired	references-1000	ready	intermediate-pr32	legacy	2	1	0	0.012269825	0.00	0.00	88%	2048	15ad2ea7ba52fb5fae4c589153e60c676c6809d646eac3a5de3977786c8b3a20	10000	c2785e89590fd7342d062a6938b7ca924e2cf0575001245b66a21f2ab101089d	coordinate	137710	da95aefbcb21f9b8b6e6194ed58a5599f834ec531ceae5594351059bee2ad6dc	1000	4907ac04b13f1692021157dc85e5c8c67d847ad7a07f99bc02bd344931c2c6d3	10000	c2785e89590fd7342d062a6938b7ca924e2cf0575001245b66a21f2ab101089d	1000	4907ac04b13f1692021157dc85e5c8c67d847ad7a07f99bc02bd344931c2c6d3	runs/paired-references-1000-r02-o01-intermediate-pr32/ready/command.txt	runs/paired-references-1000-r02-o01-intermediate-pr32/ready/stdout.txt	runs/paired-references-1000-r02-o01-intermediate-pr32/ready/stderr.txt	
paired-references-1000-r02-o02-canonical-upstream-raw	paired	references-1000	raw	canonical-upstream	legacy	2	2	0	3.268269387	5.46	0.87	194%	728452	15ad2ea7ba52fb5fae4c589153e60c676c6809d646eac3a5de3977786c8b3a20	10000	c2785e89590fd7342d062a6938b7ca924e2cf0575001245b66a21f2ab101089d	coordinate	137710	da95aefbcb21f9b8b6e6194ed58a5599f834ec531ceae5594351059bee2ad6dc	1000	4907ac04b13f1692021157dc85e5c8c67d847ad7a07f99bc02bd344931c2c6d3	10000	c2785e89590fd7342d062a6938b7ca924e2cf0575001245b66a21f2ab101089d	1000	4907ac04b13f1692021157dc85e5c8c67d847ad7a07f99bc02bd344931c2c6d3	runs/paired-references-1000-r02-o02-canonical-upstream/raw/command.txt	runs/paired-references-1000-r02-o02-canonical-upstream/raw/stdout.txt	runs/paired-references-1000-r02-o02-canonical-upstream/raw/stderr.txt	
paired-references-1000-r02-o02-canonical-upstream-ready	paired	references-1000	ready	canonical-upstream	legacy	2	2	0	0.010301912	0.00	0.00	71%	2048	15ad2ea7ba52fb5fae4c589153e60c676c6809d646eac3a5de3977786c8b3a20	10000	c2785e89590fd7342d062a6938b7ca924e2cf0575001245b66a21f2ab101089d	coordinate	137710	da95aefbcb21f9b8b6e6194ed58a5599f834ec531ceae5594351059bee2ad6dc	1000	4907ac04b13f1692021157dc85e5c8c67d847ad7a07f99bc02bd344931c2c6d3	10000	c2785e89590fd7342d062a6938b7ca924e2cf0575001245b66a21f2ab101089d	1000	4907ac04b13f1692021157dc85e5c8c67d847ad7a07f99bc02bd344931c2c6d3	runs/paired-references-1000-r02-o02-canonical-upstream/ready/command.txt	runs/paired-references-1000-r02-o02-canonical-upstream/ready/stdout.txt	runs/paired-references-1000-r02-o02-canonical-upstream/ready/stderr.txt	
paired-references-1000-r02-o03-dumi-auto-raw	paired	references-1000	raw	dumi	auto	2	3	0	0.676943647	2.19	0.18	353%	145408	15ad2ea7ba52fb5fae4c589153e60c676c6809d646eac3a5de3977786c8b3a20	10000	c2785e89590fd7342d062a6938b7ca924e2cf0575001245b66a21f2ab101089d	coordinate	137710	da95aefbcb21f9b8b6e6194ed58a5599f834ec531ceae5594351059bee2ad6dc	1000	4907ac04b13f1692021157dc85e5c8c67d847ad7a07f99bc02bd344931c2c6d3	10000	c2785e89590fd7342d062a6938b7ca924e2cf0575001245b66a21f2ab101089d	1000	4907ac04b13f1692021157dc85e5c8c67d847ad7a07f99bc02bd344931c2c6d3	runs/paired-references-1000-r02-o03-dumi-auto/raw/command.txt	runs/paired-references-1000-r02-o03-dumi-auto/raw/stdout.txt	runs/paired-references-1000-r02-o03-dumi-auto/raw/stderr.txt	
paired-references-1000-r02-o03-dumi-auto-ready	paired	references-1000	ready	dumi	auto	2	3	0	0.013411312	0.00	0.00	72%	2048	15ad2ea7ba52fb5fae4c589153e60c676c6809d646eac3a5de3977786c8b3a20	10000	c2785e89590fd7342d062a6938b7ca924e2cf0575001245b66a21f2ab101089d	coordinate	137710	da95aefbcb21f9b8b6e6194ed58a5599f834ec531ceae5594351059bee2ad6dc	1000	4907ac04b13f1692021157dc85e5c8c67d847ad7a07f99bc02bd344931c2c6d3	10000	c2785e89590fd7342d062a6938b7ca924e2cf0575001245b66a21f2ab101089d	1000	4907ac04b13f1692021157dc85e5c8c67d847ad7a07f99bc02bd344931c2c6d3	runs/paired-references-1000-r02-o03-dumi-auto/ready/command.txt	runs/paired-references-1000-r02-o03-dumi-auto/ready/stdout.txt	runs/paired-references-1000-r02-o03-dumi-auto/ready/stderr.txt	
paired-references-1000-r02-o04-dumi-off-raw	paired	references-1000	raw	dumi	off	2	4	0	0.671950270	2.19	0.17	353%	143360	15ad2ea7ba52fb5fae4c589153e60c676c6809d646eac3a5de3977786c8b3a20	10000	c2785e89590fd7342d062a6938b7ca924e2cf0575001245b66a21f2ab101089d	coordinate	137710	da95aefbcb21f9b8b6e6194ed58a5599f834ec531ceae5594351059bee2ad6dc	1000	4907ac04b13f1692021157dc85e5c8c67d847ad7a07f99bc02bd344931c2c6d3	10000	c2785e89590fd7342d062a6938b7ca924e2cf0575001245b66a21f2ab101089d	1000	4907ac04b13f1692021157dc85e5c8c67d847ad7a07f99bc02bd344931c2c6d3	runs/paired-references-1000-r02-o04-dumi-off/raw/command.txt	runs/paired-references-1000-r02-o04-dumi-off/raw/stdout.txt	runs/paired-references-1000-r02-o04-dumi-off/raw/stderr.txt	
paired-references-1000-r02-o04-dumi-off-ready	paired	references-1000	ready	dumi	off	2	4	0	0.013905727	0.00	0.00	80%	2048	15ad2ea7ba52fb5fae4c589153e60c676c6809d646eac3a5de3977786c8b3a20	10000	c2785e89590fd7342d062a6938b7ca924e2cf0575001245b66a21f2ab101089d	coordinate	137710	da95aefbcb21f9b8b6e6194ed58a5599f834ec531ceae5594351059bee2ad6dc	1000	4907ac04b13f1692021157dc85e5c8c67d847ad7a07f99bc02bd344931c2c6d3	10000	c2785e89590fd7342d062a6938b7ca924e2cf0575001245b66a21f2ab101089d	1000	4907ac04b13f1692021157dc85e5c8c67d847ad7a07f99bc02bd344931c2c6d3	runs/paired-references-1000-r02-o04-dumi-off/ready/command.txt	runs/paired-references-1000-r02-o04-dumi-off/ready/stdout.txt	runs/paired-references-1000-r02-o04-dumi-off/ready/stderr.txt	
paired-references-1000-r03-o01-canonical-upstream-raw	paired	references-1000	raw	canonical-upstream	legacy	3	1	0	3.167802414	5.59	0.81	202%	738236	15ad2ea7ba52fb5fae4c589153e60c676c6809d646eac3a5de3977786c8b3a20	10000	c2785e89590fd7342d062a6938b7ca924e2cf0575001245b66a21f2ab101089d	coordinate	137710	da95aefbcb21f9b8b6e6194ed58a5599f834ec531ceae5594351059bee2ad6dc	1000	4907ac04b13f1692021157dc85e5c8c67d847ad7a07f99bc02bd344931c2c6d3	10000	c2785e89590fd7342d062a6938b7ca924e2cf0575001245b66a21f2ab101089d	1000	4907ac04b13f1692021157dc85e5c8c67d847ad7a07f99bc02bd344931c2c6d3	runs/paired-references-1000-r03-o01-canonical-upstream/raw/command.txt	runs/paired-references-1000-r03-o01-canonical-upstream/raw/stdout.txt	runs/paired-references-1000-r03-o01-canonical-upstream/raw/stderr.txt	
paired-references-1000-r03-o01-canonical-upstream-ready	paired	references-1000	ready	canonical-upstream	legacy	3	1	0	0.009592329	0.00	0.00	57%	2048	15ad2ea7ba52fb5fae4c589153e60c676c6809d646eac3a5de3977786c8b3a20	10000	c2785e89590fd7342d062a6938b7ca924e2cf0575001245b66a21f2ab101089d	coordinate	137710	da95aefbcb21f9b8b6e6194ed58a5599f834ec531ceae5594351059bee2ad6dc	1000	4907ac04b13f1692021157dc85e5c8c67d847ad7a07f99bc02bd344931c2c6d3	10000	c2785e89590fd7342d062a6938b7ca924e2cf0575001245b66a21f2ab101089d	1000	4907ac04b13f1692021157dc85e5c8c67d847ad7a07f99bc02bd344931c2c6d3	runs/paired-references-1000-r03-o01-canonical-upstream/ready/command.txt	runs/paired-references-1000-r03-o01-canonical-upstream/ready/stdout.txt	runs/paired-references-1000-r03-o01-canonical-upstream/ready/stderr.txt	
paired-references-1000-r03-o02-dumi-auto-raw	paired	references-1000	raw	dumi	auto	3	2	0	0.630334105	1.99	0.16	344%	144312	15ad2ea7ba52fb5fae4c589153e60c676c6809d646eac3a5de3977786c8b3a20	10000	c2785e89590fd7342d062a6938b7ca924e2cf0575001245b66a21f2ab101089d	coordinate	137710	da95aefbcb21f9b8b6e6194ed58a5599f834ec531ceae5594351059bee2ad6dc	1000	4907ac04b13f1692021157dc85e5c8c67d847ad7a07f99bc02bd344931c2c6d3	10000	c2785e89590fd7342d062a6938b7ca924e2cf0575001245b66a21f2ab101089d	1000	4907ac04b13f1692021157dc85e5c8c67d847ad7a07f99bc02bd344931c2c6d3	runs/paired-references-1000-r03-o02-dumi-auto/raw/command.txt	runs/paired-references-1000-r03-o02-dumi-auto/raw/stdout.txt	runs/paired-references-1000-r03-o02-dumi-auto/raw/stderr.txt	
paired-references-1000-r03-o02-dumi-auto-ready	paired	references-1000	ready	dumi	auto	3	2	0	0.011865222	0.00	0.00	88%	2048	15ad2ea7ba52fb5fae4c589153e60c676c6809d646eac3a5de3977786c8b3a20	10000	c2785e89590fd7342d062a6938b7ca924e2cf0575001245b66a21f2ab101089d	coordinate	137710	da95aefbcb21f9b8b6e6194ed58a5599f834ec531ceae5594351059bee2ad6dc	1000	4907ac04b13f1692021157dc85e5c8c67d847ad7a07f99bc02bd344931c2c6d3	10000	c2785e89590fd7342d062a6938b7ca924e2cf0575001245b66a21f2ab101089d	1000	4907ac04b13f1692021157dc85e5c8c67d847ad7a07f99bc02bd344931c2c6d3	runs/paired-references-1000-r03-o02-dumi-auto/ready/command.txt	runs/paired-references-1000-r03-o02-dumi-auto/ready/stdout.txt	runs/paired-references-1000-r03-o02-dumi-auto/ready/stderr.txt	
paired-references-1000-r03-o03-dumi-off-raw	paired	references-1000	raw	dumi	off	3	3	0	0.645216317	2.08	0.16	349%	139584	15ad2ea7ba52fb5fae4c589153e60c676c6809d646eac3a5de3977786c8b3a20	10000	c2785e89590fd7342d062a6938b7ca924e2cf0575001245b66a21f2ab101089d	coordinate	137710	da95aefbcb21f9b8b6e6194ed58a5599f834ec531ceae5594351059bee2ad6dc	1000	4907ac04b13f1692021157dc85e5c8c67d847ad7a07f99bc02bd344931c2c6d3	10000	c2785e89590fd7342d062a6938b7ca924e2cf0575001245b66a21f2ab101089d	1000	4907ac04b13f1692021157dc85e5c8c67d847ad7a07f99bc02bd344931c2c6d3	runs/paired-references-1000-r03-o03-dumi-off/raw/command.txt	runs/paired-references-1000-r03-o03-dumi-off/raw/stdout.txt	runs/paired-references-1000-r03-o03-dumi-off/raw/stderr.txt	
paired-references-1000-r03-o03-dumi-off-ready	paired	references-1000	ready	dumi	off	3	3	0	0.012142970	0.00	0.00	77%	2048	15ad2ea7ba52fb5fae4c589153e60c676c6809d646eac3a5de3977786c8b3a20	10000	c2785e89590fd7342d062a6938b7ca924e2cf0575001245b66a21f2ab101089d	coordinate	137710	da95aefbcb21f9b8b6e6194ed58a5599f834ec531ceae5594351059bee2ad6dc	1000	4907ac04b13f1692021157dc85e5c8c67d847ad7a07f99bc02bd344931c2c6d3	10000	c2785e89590fd7342d062a6938b7ca924e2cf0575001245b66a21f2ab101089d	1000	4907ac04b13f1692021157dc85e5c8c67d847ad7a07f99bc02bd344931c2c6d3	runs/paired-references-1000-r03-o03-dumi-off/ready/command.txt	runs/paired-references-1000-r03-o03-dumi-off/ready/stdout.txt	runs/paired-references-1000-r03-o03-dumi-off/ready/stderr.txt	
paired-references-1000-r03-o04-intermediate-pr32-raw	paired	references-1000	raw	intermediate-pr32	legacy	3	4	0	0.679148782	2.22	0.17	355%	147456	15ad2ea7ba52fb5fae4c589153e60c676c6809d646eac3a5de3977786c8b3a20	10000	c2785e89590fd7342d062a6938b7ca924e2cf0575001245b66a21f2ab101089d	coordinate	137710	da95aefbcb21f9b8b6e6194ed58a5599f834ec531ceae5594351059bee2ad6dc	1000	4907ac04b13f1692021157dc85e5c8c67d847ad7a07f99bc02bd344931c2c6d3	10000	c2785e89590fd7342d062a6938b7ca924e2cf0575001245b66a21f2ab101089d	1000	4907ac04b13f1692021157dc85e5c8c67d847ad7a07f99bc02bd344931c2c6d3	runs/paired-references-1000-r03-o04-intermediate-pr32/raw/command.txt	runs/paired-references-1000-r03-o04-intermediate-pr32/raw/stdout.txt	runs/paired-references-1000-r03-o04-intermediate-pr32/raw/stderr.txt	
paired-references-1000-r03-o04-intermediate-pr32-ready	paired	references-1000	ready	intermediate-pr32	legacy	3	4	0	0.012092489	0.00	0.00	77%	2048	15ad2ea7ba52fb5fae4c589153e60c676c6809d646eac3a5de3977786c8b3a20	10000	c2785e89590fd7342d062a6938b7ca924e2cf0575001245b66a21f2ab101089d	coordinate	137710	da95aefbcb21f9b8b6e6194ed58a5599f834ec531ceae5594351059bee2ad6dc	1000	4907ac04b13f1692021157dc85e5c8c67d847ad7a07f99bc02bd344931c2c6d3	10000	c2785e89590fd7342d062a6938b7ca924e2cf0575001245b66a21f2ab101089d	1000	4907ac04b13f1692021157dc85e5c8c67d847ad7a07f99bc02bd344931c2c6d3	runs/paired-references-1000-r03-o04-intermediate-pr32/ready/command.txt	runs/paired-references-1000-r03-o04-intermediate-pr32/ready/stdout.txt	runs/paired-references-1000-r03-o04-intermediate-pr32/ready/stderr.txt	
paired-references-1000-r04-o01-canonical-upstream-raw	paired	references-1000	raw	canonical-upstream	legacy	4	1	0	3.209735924	5.46	0.85	197%	666828	15ad2ea7ba52fb5fae4c589153e60c676c6809d646eac3a5de3977786c8b3a20	10000	c2785e89590fd7342d062a6938b7ca924e2cf0575001245b66a21f2ab101089d	coordinate	137710	da95aefbcb21f9b8b6e6194ed58a5599f834ec531ceae5594351059bee2ad6dc	1000	4907ac04b13f1692021157dc85e5c8c67d847ad7a07f99bc02bd344931c2c6d3	10000	c2785e89590fd7342d062a6938b7ca924e2cf0575001245b66a21f2ab101089d	1000	4907ac04b13f1692021157dc85e5c8c67d847ad7a07f99bc02bd344931c2c6d3	runs/paired-references-1000-r04-o01-canonical-upstream/raw/command.txt	runs/paired-references-1000-r04-o01-canonical-upstream/raw/stdout.txt	runs/paired-references-1000-r04-o01-canonical-upstream/raw/stderr.txt	
paired-references-1000-r04-o01-canonical-upstream-ready	paired	references-1000	ready	canonical-upstream	legacy	4	1	0	0.009710642	0.00	0.00	66%	2048	15ad2ea7ba52fb5fae4c589153e60c676c6809d646eac3a5de3977786c8b3a20	10000	c2785e89590fd7342d062a6938b7ca924e2cf0575001245b66a21f2ab101089d	coordinate	137710	da95aefbcb21f9b8b6e6194ed58a5599f834ec531ceae5594351059bee2ad6dc	1000	4907ac04b13f1692021157dc85e5c8c67d847ad7a07f99bc02bd344931c2c6d3	10000	c2785e89590fd7342d062a6938b7ca924e2cf0575001245b66a21f2ab101089d	1000	4907ac04b13f1692021157dc85e5c8c67d847ad7a07f99bc02bd344931c2c6d3	runs/paired-references-1000-r04-o01-canonical-upstream/ready/command.txt	runs/paired-references-1000-r04-o01-canonical-upstream/ready/stdout.txt	runs/paired-references-1000-r04-o01-canonical-upstream/ready/stderr.txt	
paired-references-1000-r04-o02-intermediate-pr32-raw	paired	references-1000	raw	intermediate-pr32	legacy	4	2	0	0.665874169	2.15	0.17	352%	151552	15ad2ea7ba52fb5fae4c589153e60c676c6809d646eac3a5de3977786c8b3a20	10000	c2785e89590fd7342d062a6938b7ca924e2cf0575001245b66a21f2ab101089d	coordinate	137710	da95aefbcb21f9b8b6e6194ed58a5599f834ec531ceae5594351059bee2ad6dc	1000	4907ac04b13f1692021157dc85e5c8c67d847ad7a07f99bc02bd344931c2c6d3	10000	c2785e89590fd7342d062a6938b7ca924e2cf0575001245b66a21f2ab101089d	1000	4907ac04b13f1692021157dc85e5c8c67d847ad7a07f99bc02bd344931c2c6d3	runs/paired-references-1000-r04-o02-intermediate-pr32/raw/command.txt	runs/paired-references-1000-r04-o02-intermediate-pr32/raw/stdout.txt	runs/paired-references-1000-r04-o02-intermediate-pr32/raw/stderr.txt	
paired-references-1000-r04-o02-intermediate-pr32-ready	paired	references-1000	ready	intermediate-pr32	legacy	4	2	0	0.014061271	0.00	0.00	81%	2048	15ad2ea7ba52fb5fae4c589153e60c676c6809d646eac3a5de3977786c8b3a20	10000	c2785e89590fd7342d062a6938b7ca924e2cf0575001245b66a21f2ab101089d	coordinate	137710	da95aefbcb21f9b8b6e6194ed58a5599f834ec531ceae5594351059bee2ad6dc	1000	4907ac04b13f1692021157dc85e5c8c67d847ad7a07f99bc02bd344931c2c6d3	10000	c2785e89590fd7342d062a6938b7ca924e2cf0575001245b66a21f2ab101089d	1000	4907ac04b13f1692021157dc85e5c8c67d847ad7a07f99bc02bd344931c2c6d3	runs/paired-references-1000-r04-o02-intermediate-pr32/ready/command.txt	runs/paired-references-1000-r04-o02-intermediate-pr32/ready/stdout.txt	runs/paired-references-1000-r04-o02-intermediate-pr32/ready/stderr.txt	
paired-references-1000-r04-o03-dumi-off-raw	paired	references-1000	raw	dumi	off	4	3	0	0.626224860	1.98	0.18	348%	147456	15ad2ea7ba52fb5fae4c589153e60c676c6809d646eac3a5de3977786c8b3a20	10000	c2785e89590fd7342d062a6938b7ca924e2cf0575001245b66a21f2ab101089d	coordinate	137710	da95aefbcb21f9b8b6e6194ed58a5599f834ec531ceae5594351059bee2ad6dc	1000	4907ac04b13f1692021157dc85e5c8c67d847ad7a07f99bc02bd344931c2c6d3	10000	c2785e89590fd7342d062a6938b7ca924e2cf0575001245b66a21f2ab101089d	1000	4907ac04b13f1692021157dc85e5c8c67d847ad7a07f99bc02bd344931c2c6d3	runs/paired-references-1000-r04-o03-dumi-off/raw/command.txt	runs/paired-references-1000-r04-o03-dumi-off/raw/stdout.txt	runs/paired-references-1000-r04-o03-dumi-off/raw/stderr.txt	
paired-references-1000-r04-o03-dumi-off-ready	paired	references-1000	ready	dumi	off	4	3	0	0.012081008	0.00	0.00	77%	2048	15ad2ea7ba52fb5fae4c589153e60c676c6809d646eac3a5de3977786c8b3a20	10000	c2785e89590fd7342d062a6938b7ca924e2cf0575001245b66a21f2ab101089d	coordinate	137710	da95aefbcb21f9b8b6e6194ed58a5599f834ec531ceae5594351059bee2ad6dc	1000	4907ac04b13f1692021157dc85e5c8c67d847ad7a07f99bc02bd344931c2c6d3	10000	c2785e89590fd7342d062a6938b7ca924e2cf0575001245b66a21f2ab101089d	1000	4907ac04b13f1692021157dc85e5c8c67d847ad7a07f99bc02bd344931c2c6d3	runs/paired-references-1000-r04-o03-dumi-off/ready/command.txt	runs/paired-references-1000-r04-o03-dumi-off/ready/stdout.txt	runs/paired-references-1000-r04-o03-dumi-off/ready/stderr.txt	
paired-references-1000-r04-o04-dumi-auto-raw	paired	references-1000	raw	dumi	auto	4	4	0	0.671961732	2.17	0.18	351%	147456	15ad2ea7ba52fb5fae4c589153e60c676c6809d646eac3a5de3977786c8b3a20	10000	c2785e89590fd7342d062a6938b7ca924e2cf0575001245b66a21f2ab101089d	coordinate	137710	da95aefbcb21f9b8b6e6194ed58a5599f834ec531ceae5594351059bee2ad6dc	1000	4907ac04b13f1692021157dc85e5c8c67d847ad7a07f99bc02bd344931c2c6d3	10000	c2785e89590fd7342d062a6938b7ca924e2cf0575001245b66a21f2ab101089d	1000	4907ac04b13f1692021157dc85e5c8c67d847ad7a07f99bc02bd344931c2c6d3	runs/paired-references-1000-r04-o04-dumi-auto/raw/command.txt	runs/paired-references-1000-r04-o04-dumi-auto/raw/stdout.txt	runs/paired-references-1000-r04-o04-dumi-auto/raw/stderr.txt	
paired-references-1000-r04-o04-dumi-auto-ready	paired	references-1000	ready	dumi	auto	4	4	0	0.013787733	0.00	0.00	90%	2048	15ad2ea7ba52fb5fae4c589153e60c676c6809d646eac3a5de3977786c8b3a20	10000	c2785e89590fd7342d062a6938b7ca924e2cf0575001245b66a21f2ab101089d	coordinate	137710	da95aefbcb21f9b8b6e6194ed58a5599f834ec531ceae5594351059bee2ad6dc	1000	4907ac04b13f1692021157dc85e5c8c67d847ad7a07f99bc02bd344931c2c6d3	10000	c2785e89590fd7342d062a6938b7ca924e2cf0575001245b66a21f2ab101089d	1000	4907ac04b13f1692021157dc85e5c8c67d847ad7a07f99bc02bd344931c2c6d3	runs/paired-references-1000-r04-o04-dumi-auto/ready/command.txt	runs/paired-references-1000-r04-o04-dumi-auto/ready/stdout.txt	runs/paired-references-1000-r04-o04-dumi-auto/ready/stderr.txt	
paired-references-1000-r05-o01-intermediate-pr32-raw	paired	references-1000	raw	intermediate-pr32	legacy	5	1	0	0.645711353	2.06	0.19	351%	145408	15ad2ea7ba52fb5fae4c589153e60c676c6809d646eac3a5de3977786c8b3a20	10000	c2785e89590fd7342d062a6938b7ca924e2cf0575001245b66a21f2ab101089d	coordinate	137710	da95aefbcb21f9b8b6e6194ed58a5599f834ec531ceae5594351059bee2ad6dc	1000	4907ac04b13f1692021157dc85e5c8c67d847ad7a07f99bc02bd344931c2c6d3	10000	c2785e89590fd7342d062a6938b7ca924e2cf0575001245b66a21f2ab101089d	1000	4907ac04b13f1692021157dc85e5c8c67d847ad7a07f99bc02bd344931c2c6d3	runs/paired-references-1000-r05-o01-intermediate-pr32/raw/command.txt	runs/paired-references-1000-r05-o01-intermediate-pr32/raw/stdout.txt	runs/paired-references-1000-r05-o01-intermediate-pr32/raw/stderr.txt	
paired-references-1000-r05-o01-intermediate-pr32-ready	paired	references-1000	ready	intermediate-pr32	legacy	5	1	0	0.012522001	0.00	0.00	88%	2048	15ad2ea7ba52fb5fae4c589153e60c676c6809d646eac3a5de3977786c8b3a20	10000	c2785e89590fd7342d062a6938b7ca924e2cf0575001245b66a21f2ab101089d	coordinate	137710	da95aefbcb21f9b8b6e6194ed58a5599f834ec531ceae5594351059bee2ad6dc	1000	4907ac04b13f1692021157dc85e5c8c67d847ad7a07f99bc02bd344931c2c6d3	10000	c2785e89590fd7342d062a6938b7ca924e2cf0575001245b66a21f2ab101089d	1000	4907ac04b13f1692021157dc85e5c8c67d847ad7a07f99bc02bd344931c2c6d3	runs/paired-references-1000-r05-o01-intermediate-pr32/ready/command.txt	runs/paired-references-1000-r05-o01-intermediate-pr32/ready/stdout.txt	runs/paired-references-1000-r05-o01-intermediate-pr32/ready/stderr.txt	
paired-references-1000-r05-o02-dumi-off-raw	paired	references-1000	raw	dumi	off	5	2	0	0.671660661	2.13	0.19	348%	145408	15ad2ea7ba52fb5fae4c589153e60c676c6809d646eac3a5de3977786c8b3a20	10000	c2785e89590fd7342d062a6938b7ca924e2cf0575001245b66a21f2ab101089d	coordinate	137710	da95aefbcb21f9b8b6e6194ed58a5599f834ec531ceae5594351059bee2ad6dc	1000	4907ac04b13f1692021157dc85e5c8c67d847ad7a07f99bc02bd344931c2c6d3	10000	c2785e89590fd7342d062a6938b7ca924e2cf0575001245b66a21f2ab101089d	1000	4907ac04b13f1692021157dc85e5c8c67d847ad7a07f99bc02bd344931c2c6d3	runs/paired-references-1000-r05-o02-dumi-off/raw/command.txt	runs/paired-references-1000-r05-o02-dumi-off/raw/stdout.txt	runs/paired-references-1000-r05-o02-dumi-off/raw/stderr.txt	
paired-references-1000-r05-o02-dumi-off-ready	paired	references-1000	ready	dumi	off	5	2	0	0.014433533	0.00	0.00	81%	2048	15ad2ea7ba52fb5fae4c589153e60c676c6809d646eac3a5de3977786c8b3a20	10000	c2785e89590fd7342d062a6938b7ca924e2cf0575001245b66a21f2ab101089d	coordinate	137710	da95aefbcb21f9b8b6e6194ed58a5599f834ec531ceae5594351059bee2ad6dc	1000	4907ac04b13f1692021157dc85e5c8c67d847ad7a07f99bc02bd344931c2c6d3	10000	c2785e89590fd7342d062a6938b7ca924e2cf0575001245b66a21f2ab101089d	1000	4907ac04b13f1692021157dc85e5c8c67d847ad7a07f99bc02bd344931c2c6d3	runs/paired-references-1000-r05-o02-dumi-off/ready/command.txt	runs/paired-references-1000-r05-o02-dumi-off/ready/stdout.txt	runs/paired-references-1000-r05-o02-dumi-off/ready/stderr.txt	
paired-references-1000-r05-o03-dumi-auto-raw	paired	references-1000	raw	dumi	auto	5	3	0	0.669978161	2.11	0.19	344%	149504	15ad2ea7ba52fb5fae4c589153e60c676c6809d646eac3a5de3977786c8b3a20	10000	c2785e89590fd7342d062a6938b7ca924e2cf0575001245b66a21f2ab101089d	coordinate	137710	da95aefbcb21f9b8b6e6194ed58a5599f834ec531ceae5594351059bee2ad6dc	1000	4907ac04b13f1692021157dc85e5c8c67d847ad7a07f99bc02bd344931c2c6d3	10000	c2785e89590fd7342d062a6938b7ca924e2cf0575001245b66a21f2ab101089d	1000	4907ac04b13f1692021157dc85e5c8c67d847ad7a07f99bc02bd344931c2c6d3	runs/paired-references-1000-r05-o03-dumi-auto/raw/command.txt	runs/paired-references-1000-r05-o03-dumi-auto/raw/stdout.txt	runs/paired-references-1000-r05-o03-dumi-auto/raw/stderr.txt	
paired-references-1000-r05-o03-dumi-auto-ready	paired	references-1000	ready	dumi	auto	5	3	0	0.011728016	0.00	0.00	77%	2048	15ad2ea7ba52fb5fae4c589153e60c676c6809d646eac3a5de3977786c8b3a20	10000	c2785e89590fd7342d062a6938b7ca924e2cf0575001245b66a21f2ab101089d	coordinate	137710	da95aefbcb21f9b8b6e6194ed58a5599f834ec531ceae5594351059bee2ad6dc	1000	4907ac04b13f1692021157dc85e5c8c67d847ad7a07f99bc02bd344931c2c6d3	10000	c2785e89590fd7342d062a6938b7ca924e2cf0575001245b66a21f2ab101089d	1000	4907ac04b13f1692021157dc85e5c8c67d847ad7a07f99bc02bd344931c2c6d3	runs/paired-references-1000-r05-o03-dumi-auto/ready/command.txt	runs/paired-references-1000-r05-o03-dumi-auto/ready/stdout.txt	runs/paired-references-1000-r05-o03-dumi-auto/ready/stderr.txt	
paired-references-1000-r05-o04-canonical-upstream-raw	paired	references-1000	raw	canonical-upstream	legacy	5	4	0	3.264159040	5.58	0.88	198%	757572	15ad2ea7ba52fb5fae4c589153e60c676c6809d646eac3a5de3977786c8b3a20	10000	c2785e89590fd7342d062a6938b7ca924e2cf0575001245b66a21f2ab101089d	coordinate	137710	da95aefbcb21f9b8b6e6194ed58a5599f834ec531ceae5594351059bee2ad6dc	1000	4907ac04b13f1692021157dc85e5c8c67d847ad7a07f99bc02bd344931c2c6d3	10000	c2785e89590fd7342d062a6938b7ca924e2cf0575001245b66a21f2ab101089d	1000	4907ac04b13f1692021157dc85e5c8c67d847ad7a07f99bc02bd344931c2c6d3	runs/paired-references-1000-r05-o04-canonical-upstream/raw/command.txt	runs/paired-references-1000-r05-o04-canonical-upstream/raw/stdout.txt	runs/paired-references-1000-r05-o04-canonical-upstream/raw/stderr.txt	
paired-references-1000-r05-o04-canonical-upstream-ready	paired	references-1000	ready	canonical-upstream	legacy	5	4	0	0.009707151	0.00	0.00	66%	2048	15ad2ea7ba52fb5fae4c589153e60c676c6809d646eac3a5de3977786c8b3a20	10000	c2785e89590fd7342d062a6938b7ca924e2cf0575001245b66a21f2ab101089d	coordinate	137710	da95aefbcb21f9b8b6e6194ed58a5599f834ec531ceae5594351059bee2ad6dc	1000	4907ac04b13f1692021157dc85e5c8c67d847ad7a07f99bc02bd344931c2c6d3	10000	c2785e89590fd7342d062a6938b7ca924e2cf0575001245b66a21f2ab101089d	1000	4907ac04b13f1692021157dc85e5c8c67d847ad7a07f99bc02bd344931c2c6d3	runs/paired-references-1000-r05-o04-canonical-upstream/ready/command.txt	runs/paired-references-1000-r05-o04-canonical-upstream/ready/stdout.txt	runs/paired-references-1000-r05-o04-canonical-upstream/ready/stderr.txt	
paired-references-1000-r06-o01-dumi-off-raw	paired	references-1000	raw	dumi	off	6	1	0	0.679630322	2.11	0.18	339%	145408	15ad2ea7ba52fb5fae4c589153e60c676c6809d646eac3a5de3977786c8b3a20	10000	c2785e89590fd7342d062a6938b7ca924e2cf0575001245b66a21f2ab101089d	coordinate	137710	da95aefbcb21f9b8b6e6194ed58a5599f834ec531ceae5594351059bee2ad6dc	1000	4907ac04b13f1692021157dc85e5c8c67d847ad7a07f99bc02bd344931c2c6d3	10000	c2785e89590fd7342d062a6938b7ca924e2cf0575001245b66a21f2ab101089d	1000	4907ac04b13f1692021157dc85e5c8c67d847ad7a07f99bc02bd344931c2c6d3	runs/paired-references-1000-r06-o01-dumi-off/raw/command.txt	runs/paired-references-1000-r06-o01-dumi-off/raw/stdout.txt	runs/paired-references-1000-r06-o01-dumi-off/raw/stderr.txt	
paired-references-1000-r06-o01-dumi-off-ready	paired	references-1000	ready	dumi	off	6	1	0	0.011844579	0.00	0.00	88%	2048	15ad2ea7ba52fb5fae4c589153e60c676c6809d646eac3a5de3977786c8b3a20	10000	c2785e89590fd7342d062a6938b7ca924e2cf0575001245b66a21f2ab101089d	coordinate	137710	da95aefbcb21f9b8b6e6194ed58a5599f834ec531ceae5594351059bee2ad6dc	1000	4907ac04b13f1692021157dc85e5c8c67d847ad7a07f99bc02bd344931c2c6d3	10000	c2785e89590fd7342d062a6938b7ca924e2cf0575001245b66a21f2ab101089d	1000	4907ac04b13f1692021157dc85e5c8c67d847ad7a07f99bc02bd344931c2c6d3	runs/paired-references-1000-r06-o01-dumi-off/ready/command.txt	runs/paired-references-1000-r06-o01-dumi-off/ready/stdout.txt	runs/paired-references-1000-r06-o01-dumi-off/ready/stderr.txt	
paired-references-1000-r06-o02-dumi-auto-raw	paired	references-1000	raw	dumi	auto	6	2	0	0.618170289	2.09	0.13	362%	145408	15ad2ea7ba52fb5fae4c589153e60c676c6809d646eac3a5de3977786c8b3a20	10000	c2785e89590fd7342d062a6938b7ca924e2cf0575001245b66a21f2ab101089d	coordinate	137710	da95aefbcb21f9b8b6e6194ed58a5599f834ec531ceae5594351059bee2ad6dc	1000	4907ac04b13f1692021157dc85e5c8c67d847ad7a07f99bc02bd344931c2c6d3	10000	c2785e89590fd7342d062a6938b7ca924e2cf0575001245b66a21f2ab101089d	1000	4907ac04b13f1692021157dc85e5c8c67d847ad7a07f99bc02bd344931c2c6d3	runs/paired-references-1000-r06-o02-dumi-auto/raw/command.txt	runs/paired-references-1000-r06-o02-dumi-auto/raw/stdout.txt	runs/paired-references-1000-r06-o02-dumi-auto/raw/stderr.txt	
paired-references-1000-r06-o02-dumi-auto-ready	paired	references-1000	ready	dumi	auto	6	2	0	0.012130638	0.00	0.00	80%	2048	15ad2ea7ba52fb5fae4c589153e60c676c6809d646eac3a5de3977786c8b3a20	10000	c2785e89590fd7342d062a6938b7ca924e2cf0575001245b66a21f2ab101089d	coordinate	137710	da95aefbcb21f9b8b6e6194ed58a5599f834ec531ceae5594351059bee2ad6dc	1000	4907ac04b13f1692021157dc85e5c8c67d847ad7a07f99bc02bd344931c2c6d3	10000	c2785e89590fd7342d062a6938b7ca924e2cf0575001245b66a21f2ab101089d	1000	4907ac04b13f1692021157dc85e5c8c67d847ad7a07f99bc02bd344931c2c6d3	runs/paired-references-1000-r06-o02-dumi-auto/ready/command.txt	runs/paired-references-1000-r06-o02-dumi-auto/ready/stdout.txt	runs/paired-references-1000-r06-o02-dumi-auto/ready/stderr.txt	
paired-references-1000-r06-o03-canonical-upstream-raw	paired	references-1000	raw	canonical-upstream	legacy	6	3	0	3.231203055	5.64	0.83	200%	667468	15ad2ea7ba52fb5fae4c589153e60c676c6809d646eac3a5de3977786c8b3a20	10000	c2785e89590fd7342d062a6938b7ca924e2cf0575001245b66a21f2ab101089d	coordinate	137710	da95aefbcb21f9b8b6e6194ed58a5599f834ec531ceae5594351059bee2ad6dc	1000	4907ac04b13f1692021157dc85e5c8c67d847ad7a07f99bc02bd344931c2c6d3	10000	c2785e89590fd7342d062a6938b7ca924e2cf0575001245b66a21f2ab101089d	1000	4907ac04b13f1692021157dc85e5c8c67d847ad7a07f99bc02bd344931c2c6d3	runs/paired-references-1000-r06-o03-canonical-upstream/raw/command.txt	runs/paired-references-1000-r06-o03-canonical-upstream/raw/stdout.txt	runs/paired-references-1000-r06-o03-canonical-upstream/raw/stderr.txt	
paired-references-1000-r06-o03-canonical-upstream-ready	paired	references-1000	ready	canonical-upstream	legacy	6	3	0	0.012718597	0.00	0.00	80%	2048	15ad2ea7ba52fb5fae4c589153e60c676c6809d646eac3a5de3977786c8b3a20	10000	c2785e89590fd7342d062a6938b7ca924e2cf0575001245b66a21f2ab101089d	coordinate	137710	da95aefbcb21f9b8b6e6194ed58a5599f834ec531ceae5594351059bee2ad6dc	1000	4907ac04b13f1692021157dc85e5c8c67d847ad7a07f99bc02bd344931c2c6d3	10000	c2785e89590fd7342d062a6938b7ca924e2cf0575001245b66a21f2ab101089d	1000	4907ac04b13f1692021157dc85e5c8c67d847ad7a07f99bc02bd344931c2c6d3	runs/paired-references-1000-r06-o03-canonical-upstream/ready/command.txt	runs/paired-references-1000-r06-o03-canonical-upstream/ready/stdout.txt	runs/paired-references-1000-r06-o03-canonical-upstream/ready/stderr.txt	
paired-references-1000-r06-o04-intermediate-pr32-raw	paired	references-1000	raw	intermediate-pr32	legacy	6	4	0	0.751335672	2.45	0.22	358%	152596	15ad2ea7ba52fb5fae4c589153e60c676c6809d646eac3a5de3977786c8b3a20	10000	c2785e89590fd7342d062a6938b7ca924e2cf0575001245b66a21f2ab101089d	coordinate	137710	da95aefbcb21f9b8b6e6194ed58a5599f834ec531ceae5594351059bee2ad6dc	1000	4907ac04b13f1692021157dc85e5c8c67d847ad7a07f99bc02bd344931c2c6d3	10000	c2785e89590fd7342d062a6938b7ca924e2cf0575001245b66a21f2ab101089d	1000	4907ac04b13f1692021157dc85e5c8c67d847ad7a07f99bc02bd344931c2c6d3	runs/paired-references-1000-r06-o04-intermediate-pr32/raw/command.txt	runs/paired-references-1000-r06-o04-intermediate-pr32/raw/stdout.txt	runs/paired-references-1000-r06-o04-intermediate-pr32/raw/stderr.txt	
paired-references-1000-r06-o04-intermediate-pr32-ready	paired	references-1000	ready	intermediate-pr32	legacy	6	4	0	0.014253476	0.00	0.00	81%	2048	15ad2ea7ba52fb5fae4c589153e60c676c6809d646eac3a5de3977786c8b3a20	10000	c2785e89590fd7342d062a6938b7ca924e2cf0575001245b66a21f2ab101089d	coordinate	137710	da95aefbcb21f9b8b6e6194ed58a5599f834ec531ceae5594351059bee2ad6dc	1000	4907ac04b13f1692021157dc85e5c8c67d847ad7a07f99bc02bd344931c2c6d3	10000	c2785e89590fd7342d062a6938b7ca924e2cf0575001245b66a21f2ab101089d	1000	4907ac04b13f1692021157dc85e5c8c67d847ad7a07f99bc02bd344931c2c6d3	runs/paired-references-1000-r06-o04-intermediate-pr32/ready/command.txt	runs/paired-references-1000-r06-o04-intermediate-pr32/ready/stdout.txt	runs/paired-references-1000-r06-o04-intermediate-pr32/ready/stderr.txt	
paired-references-1000-r07-o01-dumi-auto-raw	paired	references-1000	raw	dumi	auto	7	1	0	0.681408071	2.11	0.17	337%	145408	15ad2ea7ba52fb5fae4c589153e60c676c6809d646eac3a5de3977786c8b3a20	10000	c2785e89590fd7342d062a6938b7ca924e2cf0575001245b66a21f2ab101089d	coordinate	137710	da95aefbcb21f9b8b6e6194ed58a5599f834ec531ceae5594351059bee2ad6dc	1000	4907ac04b13f1692021157dc85e5c8c67d847ad7a07f99bc02bd344931c2c6d3	10000	c2785e89590fd7342d062a6938b7ca924e2cf0575001245b66a21f2ab101089d	1000	4907ac04b13f1692021157dc85e5c8c67d847ad7a07f99bc02bd344931c2c6d3	runs/paired-references-1000-r07-o01-dumi-auto/raw/command.txt	runs/paired-references-1000-r07-o01-dumi-auto/raw/stdout.txt	runs/paired-references-1000-r07-o01-dumi-auto/raw/stderr.txt	
paired-references-1000-r07-o01-dumi-auto-ready	paired	references-1000	ready	dumi	auto	7	1	0	0.012098187	0.00	0.00	88%	2048	15ad2ea7ba52fb5fae4c589153e60c676c6809d646eac3a5de3977786c8b3a20	10000	c2785e89590fd7342d062a6938b7ca924e2cf0575001245b66a21f2ab101089d	coordinate	137710	da95aefbcb21f9b8b6e6194ed58a5599f834ec531ceae5594351059bee2ad6dc	1000	4907ac04b13f1692021157dc85e5c8c67d847ad7a07f99bc02bd344931c2c6d3	10000	c2785e89590fd7342d062a6938b7ca924e2cf0575001245b66a21f2ab101089d	1000	4907ac04b13f1692021157dc85e5c8c67d847ad7a07f99bc02bd344931c2c6d3	runs/paired-references-1000-r07-o01-dumi-auto/ready/command.txt	runs/paired-references-1000-r07-o01-dumi-auto/ready/stdout.txt	runs/paired-references-1000-r07-o01-dumi-auto/ready/stderr.txt	
paired-references-1000-r07-o02-canonical-upstream-raw	paired	references-1000	raw	canonical-upstream	legacy	7	2	0	3.292018626	5.74	0.91	202%	733056	15ad2ea7ba52fb5fae4c589153e60c676c6809d646eac3a5de3977786c8b3a20	10000	c2785e89590fd7342d062a6938b7ca924e2cf0575001245b66a21f2ab101089d	coordinate	137710	da95aefbcb21f9b8b6e6194ed58a5599f834ec531ceae5594351059bee2ad6dc	1000	4907ac04b13f1692021157dc85e5c8c67d847ad7a07f99bc02bd344931c2c6d3	10000	c2785e89590fd7342d062a6938b7ca924e2cf0575001245b66a21f2ab101089d	1000	4907ac04b13f1692021157dc85e5c8c67d847ad7a07f99bc02bd344931c2c6d3	runs/paired-references-1000-r07-o02-canonical-upstream/raw/command.txt	runs/paired-references-1000-r07-o02-canonical-upstream/raw/stdout.txt	runs/paired-references-1000-r07-o02-canonical-upstream/raw/stderr.txt	
paired-references-1000-r07-o02-canonical-upstream-ready	paired	references-1000	ready	canonical-upstream	legacy	7	2	0	0.014010097	0.00	0.00	72%	2048	15ad2ea7ba52fb5fae4c589153e60c676c6809d646eac3a5de3977786c8b3a20	10000	c2785e89590fd7342d062a6938b7ca924e2cf0575001245b66a21f2ab101089d	coordinate	137710	da95aefbcb21f9b8b6e6194ed58a5599f834ec531ceae5594351059bee2ad6dc	1000	4907ac04b13f1692021157dc85e5c8c67d847ad7a07f99bc02bd344931c2c6d3	10000	c2785e89590fd7342d062a6938b7ca924e2cf0575001245b66a21f2ab101089d	1000	4907ac04b13f1692021157dc85e5c8c67d847ad7a07f99bc02bd344931c2c6d3	runs/paired-references-1000-r07-o02-canonical-upstream/ready/command.txt	runs/paired-references-1000-r07-o02-canonical-upstream/ready/stdout.txt	runs/paired-references-1000-r07-o02-canonical-upstream/ready/stderr.txt	
paired-references-1000-r07-o03-intermediate-pr32-raw	paired	references-1000	raw	intermediate-pr32	legacy	7	3	0	0.667779537	2.14	0.20	352%	145408	15ad2ea7ba52fb5fae4c589153e60c676c6809d646eac3a5de3977786c8b3a20	10000	c2785e89590fd7342d062a6938b7ca924e2cf0575001245b66a21f2ab101089d	coordinate	137710	da95aefbcb21f9b8b6e6194ed58a5599f834ec531ceae5594351059bee2ad6dc	1000	4907ac04b13f1692021157dc85e5c8c67d847ad7a07f99bc02bd344931c2c6d3	10000	c2785e89590fd7342d062a6938b7ca924e2cf0575001245b66a21f2ab101089d	1000	4907ac04b13f1692021157dc85e5c8c67d847ad7a07f99bc02bd344931c2c6d3	runs/paired-references-1000-r07-o03-intermediate-pr32/raw/command.txt	runs/paired-references-1000-r07-o03-intermediate-pr32/raw/stdout.txt	runs/paired-references-1000-r07-o03-intermediate-pr32/raw/stderr.txt	
paired-references-1000-r07-o03-intermediate-pr32-ready	paired	references-1000	ready	intermediate-pr32	legacy	7	3	0	0.014432391	0.00	0.00	90%	2048	15ad2ea7ba52fb5fae4c589153e60c676c6809d646eac3a5de3977786c8b3a20	10000	c2785e89590fd7342d062a6938b7ca924e2cf0575001245b66a21f2ab101089d	coordinate	137710	da95aefbcb21f9b8b6e6194ed58a5599f834ec531ceae5594351059bee2ad6dc	1000	4907ac04b13f1692021157dc85e5c8c67d847ad7a07f99bc02bd344931c2c6d3	10000	c2785e89590fd7342d062a6938b7ca924e2cf0575001245b66a21f2ab101089d	1000	4907ac04b13f1692021157dc85e5c8c67d847ad7a07f99bc02bd344931c2c6d3	runs/paired-references-1000-r07-o03-intermediate-pr32/ready/command.txt	runs/paired-references-1000-r07-o03-intermediate-pr32/ready/stdout.txt	runs/paired-references-1000-r07-o03-intermediate-pr32/ready/stderr.txt	
paired-references-1000-r07-o04-dumi-off-raw	paired	references-1000	raw	dumi	off	7	4	0	0.695971301	2.23	0.19	350%	141312	15ad2ea7ba52fb5fae4c589153e60c676c6809d646eac3a5de3977786c8b3a20	10000	c2785e89590fd7342d062a6938b7ca924e2cf0575001245b66a21f2ab101089d	coordinate	137710	da95aefbcb21f9b8b6e6194ed58a5599f834ec531ceae5594351059bee2ad6dc	1000	4907ac04b13f1692021157dc85e5c8c67d847ad7a07f99bc02bd344931c2c6d3	10000	c2785e89590fd7342d062a6938b7ca924e2cf0575001245b66a21f2ab101089d	1000	4907ac04b13f1692021157dc85e5c8c67d847ad7a07f99bc02bd344931c2c6d3	runs/paired-references-1000-r07-o04-dumi-off/raw/command.txt	runs/paired-references-1000-r07-o04-dumi-off/raw/stdout.txt	runs/paired-references-1000-r07-o04-dumi-off/raw/stderr.txt	
paired-references-1000-r07-o04-dumi-off-ready	paired	references-1000	ready	dumi	off	7	4	0	0.014066649	0.00	0.00	72%	2048	15ad2ea7ba52fb5fae4c589153e60c676c6809d646eac3a5de3977786c8b3a20	10000	c2785e89590fd7342d062a6938b7ca924e2cf0575001245b66a21f2ab101089d	coordinate	137710	da95aefbcb21f9b8b6e6194ed58a5599f834ec531ceae5594351059bee2ad6dc	1000	4907ac04b13f1692021157dc85e5c8c67d847ad7a07f99bc02bd344931c2c6d3	10000	c2785e89590fd7342d062a6938b7ca924e2cf0575001245b66a21f2ab101089d	1000	4907ac04b13f1692021157dc85e5c8c67d847ad7a07f99bc02bd344931c2c6d3	runs/paired-references-1000-r07-o04-dumi-off/ready/command.txt	runs/paired-references-1000-r07-o04-dumi-off/ready/stdout.txt	runs/paired-references-1000-r07-o04-dumi-off/ready/stderr.txt	
